id_exemplaire,etat,date_achat,id_livre_id
1,disponible,4/29/2024,1
2,hors-pret,4/29/2024,1
3,hors-pret,4/29/2024,1
4,perdu,4/29/2024,1
5,a_enlever,4/29/2024,1
6,disponible,4/29/2024,1
7,hors-pret,4/29/2024,1
8,a_enlever,4/29/2024,1
9,perdu,4/29/2024,2
10,hors-pret,4/29/2024,2
11,hors-pret,4/29/2024,2
12,perdu,4/29/2024,2
13,hors-pret,4/29/2024,2
14,hors-pret,4/29/2024,2
15,disponible,4/29/2024,2
16,hors-pret,4/29/2024,2
17,perdu,4/29/2024,2
18,perdu,4/29/2024,2
19,disponible,4/29/2024,3
20,disponible,4/29/2024,4
21,perdu,4/29/2024,4
22,perdu,4/29/2024,4
23,perdu,4/29/2024,4
24,perdu,4/29/2024,4
25,a_enlever,4/29/2024,4
26,a_enlever,4/29/2024,4
27,disponible,4/29/2024,4
28,a_enlever,4/29/2024,4
29,disponible,4/29/2024,4
30,hors-pret,4/29/2024,5
31,disponible,4/29/2024,6
32,disponible,4/29/2024,6
33,a_enlever,4/29/2024,6
34,disponible,4/29/2024,6
35,hors-pret,4/29/2024,6
36,a_enlever,4/29/2024,6
37,perdu,4/29/2024,6
38,a_enlever,4/29/2024,7
39,perdu,4/29/2024,7
40,perdu,4/29/2024,7
41,disponible,4/29/2024,7
42,perdu,4/29/2024,7
43,perdu,4/29/2024,7
44,perdu,4/29/2024,7
45,a_enlever,4/29/2024,7
46,a_enlever,4/29/2024,7
47,hors-pret,4/29/2024,8
48,a_enlever,4/29/2024,8
49,perdu,4/29/2024,8
50,perdu,4/29/2024,8
51,a_enlever,4/29/2024,8
52,disponible,4/29/2024,8
53,perdu,4/29/2024,8
54,a_enlever,4/29/2024,8
55,disponible,4/29/2024,9
56,hors-pret,4/29/2024,9
57,a_enlever,4/29/2024,9
58,hors-pret,4/29/2024,9
59,a_enlever,4/29/2024,9
60,perdu,4/29/2024,10
61,perdu,4/29/2024,10
62,perdu,4/29/2024,11
63,perdu,4/29/2024,12
64,perdu,4/29/2024,12
65,disponible,4/29/2024,12
66,a_enlever,4/29/2024,12
67,perdu,4/29/2024,13
68,hors-pret,4/29/2024,13
69,disponible,4/29/2024,13
70,perdu,4/29/2024,13
71,perdu,4/29/2024,13
72,perdu,4/29/2024,13
73,disponible,4/29/2024,14
74,disponible,4/29/2024,14
75,hors-pret,4/29/2024,14
76,a_enlever,4/29/2024,15
77,hors-pret,4/29/2024,15
78,perdu,4/29/2024,15
79,perdu,4/29/2024,15
80,a_enlever,4/29/2024,15
81,disponible,4/29/2024,15
82,a_enlever,4/29/2024,15
83,a_enlever,4/29/2024,15
84,disponible,4/29/2024,15
85,disponible,4/29/2024,16
86,a_enlever,4/29/2024,16
87,perdu,4/29/2024,16
88,perdu,4/29/2024,16
89,disponible,4/29/2024,16
90,perdu,4/29/2024,17
91,perdu,4/29/2024,17
92,hors-pret,4/29/2024,17
93,hors-pret,4/29/2024,18
94,disponible,4/29/2024,18
95,a_enlever,4/29/2024,18
96,disponible,4/29/2024,18
97,hors-pret,4/29/2024,18
98,hors-pret,4/29/2024,18
99,a_enlever,4/29/2024,18
100,disponible,4/29/2024,18
101,perdu,4/29/2024,19
102,a_enlever,4/29/2024,19
103,a_enlever,4/29/2024,19
104,hors-pret,4/29/2024,19
105,a_enlever,4/29/2024,19
106,perdu,4/29/2024,19
107,perdu,4/29/2024,19
108,perdu,4/29/2024,19
109,perdu,4/29/2024,19
110,hors-pret,4/29/2024,19
111,disponible,4/29/2024,20
112,a_enlever,4/29/2024,21
113,hors-pret,4/29/2024,22
114,perdu,4/29/2024,22
115,a_enlever,4/29/2024,22
116,hors-pret,4/29/2024,22
117,hors-pret,4/29/2024,23
118,hors-pret,4/29/2024,23
119,disponible,4/29/2024,23
120,perdu,4/29/2024,23
121,hors-pret,4/29/2024,23
122,perdu,4/29/2024,23
123,hors-pret,4/29/2024,23
124,hors-pret,4/29/2024,23
125,hors-pret,4/29/2024,23
126,hors-pret,4/29/2024,23
127,a_enlever,4/29/2024,24
128,disponible,4/29/2024,24
129,hors-pret,4/29/2024,24
130,hors-pret,4/29/2024,24
131,perdu,4/29/2024,25
132,a_enlever,4/29/2024,25
133,hors-pret,4/29/2024,25
134,hors-pret,4/29/2024,25
135,hors-pret,4/29/2024,25
136,perdu,4/29/2024,25
137,disponible,4/29/2024,25
138,hors-pret,4/29/2024,25
139,hors-pret,4/29/2024,25
140,perdu,4/29/2024,25
141,hors-pret,4/29/2024,26
142,a_enlever,4/29/2024,26
143,disponible,4/29/2024,26
144,perdu,4/29/2024,26
145,hors-pret,4/29/2024,27
146,perdu,4/29/2024,28
147,disponible,4/29/2024,28
148,perdu,4/29/2024,28
149,disponible,4/29/2024,28
150,disponible,4/29/2024,28
151,hors-pret,4/29/2024,28
152,disponible,4/29/2024,28
153,perdu,4/29/2024,29
154,hors-pret,4/29/2024,29
155,a_enlever,4/29/2024,29
156,a_enlever,4/29/2024,29
157,disponible,4/29/2024,29
158,hors-pret,4/29/2024,29
159,a_enlever,4/29/2024,29
160,perdu,4/29/2024,29
161,hors-pret,4/29/2024,29
162,hors-pret,4/29/2024,30
163,a_enlever,4/29/2024,30
164,a_enlever,4/29/2024,30
165,perdu,4/29/2024,30
166,perdu,4/29/2024,30
167,a_enlever,4/29/2024,30
168,perdu,4/29/2024,30
169,perdu,4/29/2024,31
170,disponible,4/29/2024,31
171,hors-pret,4/29/2024,31
172,perdu,4/29/2024,31
173,hors-pret,4/29/2024,31
174,disponible,4/29/2024,31
175,perdu,4/29/2024,31
176,disponible,4/29/2024,31
177,perdu,4/29/2024,31
178,perdu,4/29/2024,31
179,hors-pret,4/29/2024,32
180,hors-pret,4/29/2024,32
181,a_enlever,4/29/2024,32
182,perdu,4/29/2024,32
183,a_enlever,4/29/2024,32
184,a_enlever,4/29/2024,32
185,perdu,4/29/2024,32
186,perdu,4/29/2024,33
187,a_enlever,4/29/2024,33
188,hors-pret,4/29/2024,33
189,hors-pret,4/29/2024,33
190,hors-pret,4/29/2024,33
191,perdu,4/29/2024,33
192,a_enlever,4/29/2024,33
193,disponible,4/29/2024,33
194,disponible,4/29/2024,33
195,hors-pret,4/29/2024,34
196,disponible,4/29/2024,34
197,hors-pret,4/29/2024,35
198,a_enlever,4/29/2024,36
199,a_enlever,4/29/2024,36
200,disponible,4/29/2024,36
201,a_enlever,4/29/2024,36
202,perdu,4/29/2024,36
203,a_enlever,4/29/2024,37
204,hors-pret,4/29/2024,37
205,perdu,4/29/2024,37
206,disponible,4/29/2024,38
207,hors-pret,4/29/2024,38
208,a_enlever,4/29/2024,38
209,a_enlever,4/29/2024,38
210,hors-pret,4/29/2024,39
211,perdu,4/29/2024,39
212,hors-pret,4/29/2024,39
213,a_enlever,4/29/2024,39
214,hors-pret,4/29/2024,39
215,hors-pret,4/29/2024,39
216,hors-pret,4/29/2024,39
217,disponible,4/29/2024,39
218,a_enlever,4/29/2024,39
219,a_enlever,4/29/2024,40
220,perdu,4/29/2024,40
221,hors-pret,4/29/2024,40
222,perdu,4/29/2024,41
223,perdu,4/29/2024,41
224,hors-pret,4/29/2024,41
225,disponible,4/29/2024,41
226,a_enlever,4/29/2024,41
227,a_enlever,4/29/2024,41
228,hors-pret,4/29/2024,42
229,disponible,4/29/2024,42
230,perdu,4/29/2024,43
231,hors-pret,4/29/2024,43
232,perdu,4/29/2024,43
233,a_enlever,4/29/2024,43
234,hors-pret,4/29/2024,43
235,a_enlever,4/29/2024,43
236,disponible,4/29/2024,43
237,a_enlever,4/29/2024,43
238,hors-pret,4/29/2024,43
239,perdu,4/29/2024,43
240,perdu,4/29/2024,44
241,a_enlever,4/29/2024,44
242,a_enlever,4/29/2024,44
243,a_enlever,4/29/2024,44
244,perdu,4/29/2024,44
245,perdu,4/29/2024,44
246,hors-pret,4/29/2024,44
247,perdu,4/29/2024,44
248,disponible,4/29/2024,45
249,hors-pret,4/29/2024,45
250,hors-pret,4/29/2024,45
251,a_enlever,4/29/2024,45
252,hors-pret,4/29/2024,45
253,a_enlever,4/29/2024,45
254,disponible,4/29/2024,45
255,perdu,4/29/2024,45
256,hors-pret,4/29/2024,45
257,hors-pret,4/29/2024,46
258,a_enlever,4/29/2024,46
259,hors-pret,4/29/2024,46
260,perdu,4/29/2024,46
261,disponible,4/29/2024,47
262,hors-pret,4/29/2024,47
263,a_enlever,4/29/2024,47
264,hors-pret,4/29/2024,47
265,hors-pret,4/29/2024,47
266,perdu,4/29/2024,47
267,a_enlever,4/29/2024,48
268,hors-pret,4/29/2024,48
269,hors-pret,4/29/2024,48
270,hors-pret,4/29/2024,48
271,disponible,4/29/2024,49
272,a_enlever,4/29/2024,50
273,perdu,4/29/2024,50
274,disponible,4/29/2024,50
275,disponible,4/29/2024,50
276,disponible,4/29/2024,50
277,hors-pret,4/29/2024,50
278,a_enlever,4/29/2024,50
279,hors-pret,4/29/2024,50
280,a_enlever,4/29/2024,50
281,a_enlever,4/29/2024,50
282,perdu,4/29/2024,51
283,a_enlever,4/29/2024,52
284,a_enlever,4/29/2024,52
285,disponible,4/29/2024,52
286,a_enlever,4/29/2024,52
287,hors-pret,4/29/2024,53
288,hors-pret,4/29/2024,53
289,a_enlever,4/29/2024,53
290,hors-pret,4/29/2024,53
291,a_enlever,4/29/2024,53
292,a_enlever,4/29/2024,54
293,perdu,4/29/2024,54
294,disponible,4/29/2024,54
295,disponible,4/29/2024,54
296,a_enlever,4/29/2024,54
297,hors-pret,4/29/2024,55
298,disponible,4/29/2024,55
299,perdu,4/29/2024,56
300,a_enlever,4/29/2024,56
301,disponible,4/29/2024,56
302,hors-pret,4/29/2024,56
303,disponible,4/29/2024,56
304,hors-pret,4/29/2024,56
305,hors-pret,4/29/2024,56
306,disponible,4/29/2024,56
307,disponible,4/29/2024,56
308,disponible,4/29/2024,57
309,hors-pret,4/29/2024,58
310,perdu,4/29/2024,58
311,disponible,4/29/2024,58
312,hors-pret,4/29/2024,58
313,hors-pret,4/29/2024,59
314,disponible,4/29/2024,59
315,perdu,4/29/2024,59
316,a_enlever,4/29/2024,59
317,perdu,4/29/2024,59
318,hors-pret,4/29/2024,59
319,a_enlever,4/29/2024,59
320,a_enlever,4/29/2024,59
321,disponible,4/29/2024,59
322,perdu,4/29/2024,59
323,a_enlever,4/29/2024,60
324,perdu,4/29/2024,60
325,disponible,4/29/2024,60
326,hors-pret,4/29/2024,60
327,perdu,4/29/2024,60
328,a_enlever,4/29/2024,61
329,hors-pret,4/29/2024,61
330,hors-pret,4/29/2024,61
331,perdu,4/29/2024,62
332,hors-pret,4/29/2024,62
333,disponible,4/29/2024,62
334,disponible,4/29/2024,63
335,hors-pret,4/29/2024,63
336,perdu,4/29/2024,63
337,perdu,4/29/2024,63
338,hors-pret,4/29/2024,63
339,hors-pret,4/29/2024,63
340,hors-pret,4/29/2024,64
341,disponible,4/29/2024,64
342,disponible,4/29/2024,64
343,perdu,4/29/2024,64
344,disponible,4/29/2024,64
345,disponible,4/29/2024,64
346,perdu,4/29/2024,65
347,hors-pret,4/29/2024,65
348,disponible,4/29/2024,65
349,perdu,4/29/2024,65
350,hors-pret,4/29/2024,66
351,hors-pret,4/29/2024,66
352,perdu,4/29/2024,66
353,a_enlever,4/29/2024,67
354,perdu,4/29/2024,67
355,a_enlever,4/29/2024,67
356,disponible,4/29/2024,67
357,disponible,4/29/2024,67
358,a_enlever,4/29/2024,67
359,disponible,4/29/2024,67
360,disponible,4/29/2024,68
361,disponible,4/29/2024,68
362,hors-pret,4/29/2024,68
363,perdu,4/29/2024,69
364,hors-pret,4/29/2024,69
365,disponible,4/29/2024,69
366,disponible,4/29/2024,70
367,a_enlever,4/29/2024,70
368,perdu,4/29/2024,70
369,disponible,4/29/2024,70
370,disponible,4/29/2024,70
371,disponible,4/29/2024,70
372,hors-pret,4/29/2024,70
373,hors-pret,4/29/2024,70
374,disponible,4/29/2024,70
375,a_enlever,4/29/2024,70
376,disponible,4/29/2024,71
377,hors-pret,4/29/2024,71
378,a_enlever,4/29/2024,71
379,a_enlever,4/29/2024,72
380,perdu,4/29/2024,72
381,disponible,4/29/2024,73
382,perdu,4/29/2024,73
383,perdu,4/29/2024,73
384,hors-pret,4/29/2024,73
385,hors-pret,4/29/2024,73
386,perdu,4/29/2024,73
387,disponible,4/29/2024,73
388,a_enlever,4/29/2024,74
389,hors-pret,4/29/2024,74
390,perdu,4/29/2024,74
391,a_enlever,4/29/2024,74
392,disponible,4/29/2024,74
393,a_enlever,4/29/2024,74
394,disponible,4/29/2024,75
395,disponible,4/29/2024,75
396,a_enlever,4/29/2024,75
397,a_enlever,4/29/2024,75
398,hors-pret,4/29/2024,75
399,disponible,4/29/2024,75
400,disponible,4/29/2024,75
401,a_enlever,4/29/2024,75
402,a_enlever,4/29/2024,75
403,a_enlever,4/29/2024,75
404,hors-pret,4/29/2024,76
405,a_enlever,4/29/2024,76
406,disponible,4/29/2024,76
407,hors-pret,4/29/2024,76
408,a_enlever,4/29/2024,76
409,disponible,4/29/2024,76
410,hors-pret,4/29/2024,77
411,hors-pret,4/29/2024,77
412,hors-pret,4/29/2024,77
413,hors-pret,4/29/2024,77
414,perdu,4/29/2024,77
415,hors-pret,4/29/2024,77
416,hors-pret,4/29/2024,77
417,hors-pret,4/29/2024,77
418,a_enlever,4/29/2024,77
419,hors-pret,4/29/2024,77
420,hors-pret,4/29/2024,78
421,hors-pret,4/29/2024,78
422,a_enlever,4/29/2024,78
423,perdu,4/29/2024,78
424,perdu,4/29/2024,78
425,a_enlever,4/29/2024,79
426,disponible,4/29/2024,79
427,perdu,4/29/2024,79
428,disponible,4/29/2024,79
429,perdu,4/29/2024,79
430,hors-pret,4/29/2024,79
431,a_enlever,4/29/2024,80
432,a_enlever,4/29/2024,80
433,disponible,4/29/2024,80
434,a_enlever,4/29/2024,81
435,perdu,4/29/2024,81
436,perdu,4/29/2024,81
437,perdu,4/29/2024,81
438,disponible,4/29/2024,81
439,a_enlever,4/29/2024,81
440,hors-pret,4/29/2024,81
441,perdu,4/29/2024,81
442,a_enlever,4/29/2024,82
443,a_enlever,4/29/2024,82
444,perdu,4/29/2024,82
445,disponible,4/29/2024,82
446,hors-pret,4/29/2024,82
447,perdu,4/29/2024,82
448,disponible,4/29/2024,82
449,disponible,4/29/2024,83
450,a_enlever,4/29/2024,83
451,perdu,4/29/2024,83
452,disponible,4/29/2024,83
453,perdu,4/29/2024,83
454,disponible,4/29/2024,83
455,disponible,4/29/2024,83
456,hors-pret,4/29/2024,84
457,perdu,4/29/2024,84
458,perdu,4/29/2024,84
459,hors-pret,4/29/2024,85
460,perdu,4/29/2024,85
461,disponible,4/29/2024,86
462,perdu,4/29/2024,86
463,hors-pret,4/29/2024,86
464,disponible,4/29/2024,86
465,hors-pret,4/29/2024,86
466,disponible,4/29/2024,86
467,disponible,4/29/2024,86
468,hors-pret,4/29/2024,86
469,disponible,4/29/2024,86
470,a_enlever,4/29/2024,86
471,hors-pret,4/29/2024,87
472,hors-pret,4/29/2024,87
473,a_enlever,4/29/2024,87
474,a_enlever,4/29/2024,87
475,a_enlever,4/29/2024,87
476,a_enlever,4/29/2024,87
477,disponible,4/29/2024,87
478,perdu,4/29/2024,87
479,disponible,4/29/2024,87
480,perdu,4/29/2024,87
481,hors-pret,4/29/2024,88
482,hors-pret,4/29/2024,88
483,perdu,4/29/2024,89
484,hors-pret,4/29/2024,89
485,hors-pret,4/29/2024,89
486,hors-pret,4/29/2024,89
487,a_enlever,4/29/2024,89
488,a_enlever,4/29/2024,89
489,hors-pret,4/29/2024,89
490,disponible,4/29/2024,89
491,hors-pret,4/29/2024,89
492,a_enlever,4/29/2024,90
493,disponible,4/29/2024,90
494,perdu,4/29/2024,90
495,disponible,4/29/2024,90
496,hors-pret,4/29/2024,90
497,hors-pret,4/29/2024,90
498,hors-pret,4/29/2024,90
499,perdu,4/29/2024,90
500,disponible,4/29/2024,91
501,disponible,4/29/2024,92
502,disponible,4/29/2024,92
503,a_enlever,4/29/2024,92
504,perdu,4/29/2024,92
505,a_enlever,4/29/2024,92
506,a_enlever,4/29/2024,92
507,a_enlever,4/29/2024,92
508,a_enlever,4/29/2024,92
509,perdu,4/29/2024,92
510,perdu,4/29/2024,93
511,hors-pret,4/29/2024,93
512,a_enlever,4/29/2024,93
513,a_enlever,4/29/2024,93
514,disponible,4/29/2024,94
515,hors-pret,4/29/2024,94
516,hors-pret,4/29/2024,94
517,hors-pret,4/29/2024,94
518,disponible,4/29/2024,94
519,hors-pret,4/29/2024,94
520,disponible,4/29/2024,94
521,perdu,4/29/2024,95
522,a_enlever,4/29/2024,95
523,a_enlever,4/29/2024,96
524,perdu,4/29/2024,96
525,disponible,4/29/2024,96
526,disponible,4/29/2024,96
527,perdu,4/29/2024,96
528,perdu,4/29/2024,96
529,disponible,4/29/2024,96
530,disponible,4/29/2024,96
531,perdu,4/29/2024,96
532,perdu,4/29/2024,97
533,perdu,4/29/2024,97
534,a_enlever,4/29/2024,97
535,perdu,4/29/2024,97
536,disponible,4/29/2024,97
537,hors-pret,4/29/2024,97
538,disponible,4/29/2024,98
539,perdu,4/29/2024,98
540,a_enlever,4/29/2024,98
541,perdu,4/29/2024,98
542,hors-pret,4/29/2024,98
543,hors-pret,4/29/2024,99
544,perdu,4/29/2024,99
545,disponible,4/29/2024,99
546,a_enlever,4/29/2024,99
547,disponible,4/29/2024,99
548,a_enlever,4/29/2024,99
549,a_enlever,4/29/2024,99
550,hors-pret,4/29/2024,99
551,hors-pret,4/29/2024,99
552,disponible,4/29/2024,100
553,hors-pret,4/29/2024,100
554,hors-pret,4/29/2024,100
555,a_enlever,4/29/2024,100
556,hors-pret,4/29/2024,100
557,disponible,4/29/2024,100
558,a_enlever,4/29/2024,100
559,hors-pret,4/29/2024,100
560,disponible,4/29/2024,100
561,perdu,4/29/2024,100
562,perdu,4/29/2024,101
563,hors-pret,4/29/2024,101
564,a_enlever,4/29/2024,101
565,disponible,4/29/2024,101
566,hors-pret,4/29/2024,101
567,hors-pret,4/29/2024,101
568,a_enlever,4/29/2024,101
569,disponible,4/29/2024,101
570,disponible,4/29/2024,102
571,perdu,4/29/2024,102
572,hors-pret,4/29/2024,102
573,perdu,4/29/2024,102
574,a_enlever,4/29/2024,102
575,disponible,4/29/2024,102
576,perdu,4/29/2024,102
577,perdu,4/29/2024,102
578,disponible,4/29/2024,103
579,perdu,4/29/2024,103
580,hors-pret,4/29/2024,103
581,disponible,4/29/2024,104
582,hors-pret,4/29/2024,104
583,perdu,4/29/2024,104
584,hors-pret,4/29/2024,104
585,perdu,4/29/2024,104
586,disponible,4/29/2024,105
587,hors-pret,4/29/2024,105
588,disponible,4/29/2024,105
589,disponible,4/29/2024,105
590,disponible,4/29/2024,105
591,hors-pret,4/29/2024,105
592,a_enlever,4/29/2024,105
593,perdu,4/29/2024,105
594,a_enlever,4/29/2024,106
595,a_enlever,4/29/2024,106
596,hors-pret,4/29/2024,106
597,disponible,4/29/2024,106
598,perdu,4/29/2024,106
599,a_enlever,4/29/2024,106
600,perdu,4/29/2024,106
601,perdu,4/29/2024,106
602,a_enlever,4/29/2024,107
603,hors-pret,4/29/2024,107
604,hors-pret,4/29/2024,107
605,disponible,4/29/2024,107
606,perdu,4/29/2024,107
607,hors-pret,4/29/2024,107
608,hors-pret,4/29/2024,107
609,a_enlever,4/29/2024,107
610,a_enlever,4/29/2024,108
611,a_enlever,4/29/2024,108
612,a_enlever,4/29/2024,108
613,a_enlever,4/29/2024,108
614,a_enlever,4/29/2024,108
615,hors-pret,4/29/2024,108
616,a_enlever,4/29/2024,108
617,hors-pret,4/29/2024,108
618,hors-pret,4/29/2024,109
619,a_enlever,4/29/2024,109
620,disponible,4/29/2024,109
621,a_enlever,4/29/2024,109
622,hors-pret,4/29/2024,109
623,disponible,4/29/2024,109
624,perdu,4/29/2024,109
625,hors-pret,4/29/2024,110
626,disponible,4/29/2024,110
627,hors-pret,4/29/2024,110
628,a_enlever,4/29/2024,110
629,hors-pret,4/29/2024,110
630,disponible,4/29/2024,111
631,hors-pret,4/29/2024,111
632,hors-pret,4/29/2024,111
633,hors-pret,4/29/2024,111
634,hors-pret,4/29/2024,111
635,disponible,4/29/2024,111
636,a_enlever,4/29/2024,111
637,disponible,4/29/2024,111
638,hors-pret,4/29/2024,111
639,disponible,4/29/2024,112
640,disponible,4/29/2024,112
641,disponible,4/29/2024,113
642,disponible,4/29/2024,113
643,a_enlever,4/29/2024,113
644,a_enlever,4/29/2024,113
645,disponible,4/29/2024,113
646,disponible,4/29/2024,114
647,perdu,4/29/2024,115
648,disponible,4/29/2024,115
649,hors-pret,4/29/2024,115
650,hors-pret,4/29/2024,115
651,disponible,4/29/2024,115
652,a_enlever,4/29/2024,115
653,disponible,4/29/2024,115
654,hors-pret,4/29/2024,115
655,a_enlever,4/29/2024,115
656,disponible,4/29/2024,115
657,perdu,4/29/2024,116
658,a_enlever,4/29/2024,116
659,hors-pret,4/29/2024,116
660,hors-pret,4/29/2024,117
661,hors-pret,4/29/2024,117
662,perdu,4/29/2024,117
663,disponible,4/29/2024,118
664,perdu,4/29/2024,118
665,disponible,4/29/2024,118
666,hors-pret,4/29/2024,118
667,disponible,4/29/2024,118
668,disponible,4/29/2024,118
669,hors-pret,4/29/2024,119
670,disponible,4/29/2024,119
671,perdu,4/29/2024,119
672,perdu,4/29/2024,119
673,a_enlever,4/29/2024,119
674,disponible,4/29/2024,119
675,perdu,4/29/2024,119
676,a_enlever,4/29/2024,120
677,disponible,4/29/2024,120
678,a_enlever,4/29/2024,121
679,disponible,4/29/2024,121
680,perdu,4/29/2024,121
681,hors-pret,4/29/2024,121
682,a_enlever,4/29/2024,121
683,a_enlever,4/29/2024,121
684,hors-pret,4/29/2024,121
685,hors-pret,4/29/2024,121
686,a_enlever,4/29/2024,121
687,hors-pret,4/29/2024,122
688,disponible,4/29/2024,122
689,hors-pret,4/29/2024,122
690,disponible,4/29/2024,122
691,disponible,4/29/2024,123
692,disponible,4/29/2024,123
693,a_enlever,4/29/2024,123
694,disponible,4/29/2024,123
695,hors-pret,4/29/2024,123
696,perdu,4/29/2024,123
697,hors-pret,4/29/2024,124
698,disponible,4/29/2024,124
699,hors-pret,4/29/2024,124
700,hors-pret,4/29/2024,124
701,hors-pret,4/29/2024,124
702,hors-pret,4/29/2024,124
703,hors-pret,4/29/2024,124
704,disponible,4/29/2024,125
705,perdu,4/29/2024,126
706,hors-pret,4/29/2024,126
707,perdu,4/29/2024,126
708,perdu,4/29/2024,126
709,hors-pret,4/29/2024,126
710,perdu,4/29/2024,126
711,hors-pret,4/29/2024,126
712,a_enlever,4/29/2024,127
713,disponible,4/29/2024,127
714,disponible,4/29/2024,127
715,a_enlever,4/29/2024,128
716,disponible,4/29/2024,129
717,disponible,4/29/2024,129
718,disponible,4/29/2024,129
719,perdu,4/29/2024,129
720,hors-pret,4/29/2024,129
721,hors-pret,4/29/2024,130
722,a_enlever,4/29/2024,130
723,hors-pret,4/29/2024,130
724,perdu,4/29/2024,131
725,hors-pret,4/29/2024,132
726,perdu,4/29/2024,132
727,hors-pret,4/29/2024,132
728,perdu,4/29/2024,132
729,disponible,4/29/2024,132
730,perdu,4/29/2024,132
731,hors-pret,4/29/2024,133
732,perdu,4/29/2024,133
733,perdu,4/29/2024,133
734,perdu,4/29/2024,133
735,a_enlever,4/29/2024,133
736,disponible,4/29/2024,133
737,perdu,4/29/2024,133
738,disponible,4/29/2024,133
739,perdu,4/29/2024,133
740,a_enlever,4/29/2024,133
741,perdu,4/29/2024,134
742,disponible,4/29/2024,134
743,a_enlever,4/29/2024,134
744,a_enlever,4/29/2024,134
745,hors-pret,4/29/2024,134
746,a_enlever,4/29/2024,134
747,a_enlever,4/29/2024,134
748,disponible,4/29/2024,134
749,perdu,4/29/2024,134
750,disponible,4/29/2024,134
751,perdu,4/29/2024,135
752,perdu,4/29/2024,135
753,disponible,4/29/2024,135
754,hors-pret,4/29/2024,135
755,disponible,4/29/2024,135
756,disponible,4/29/2024,136
757,a_enlever,4/29/2024,136
758,hors-pret,4/29/2024,136
759,a_enlever,4/29/2024,136
760,disponible,4/29/2024,136
761,a_enlever,4/29/2024,136
762,disponible,4/29/2024,136
763,hors-pret,4/29/2024,136
764,a_enlever,4/29/2024,136
765,hors-pret,4/29/2024,136
766,disponible,4/29/2024,137
767,perdu,4/29/2024,137
768,disponible,4/29/2024,138
769,perdu,4/29/2024,138
770,perdu,4/29/2024,138
771,disponible,4/29/2024,138
772,perdu,4/29/2024,138
773,a_enlever,4/29/2024,138
774,hors-pret,4/29/2024,138
775,disponible,4/29/2024,139
776,hors-pret,4/29/2024,139
777,disponible,4/29/2024,139
778,perdu,4/29/2024,139
779,a_enlever,4/29/2024,139
780,hors-pret,4/29/2024,140
781,disponible,4/29/2024,140
782,hors-pret,4/29/2024,140
783,hors-pret,4/29/2024,140
784,hors-pret,4/29/2024,140
785,disponible,4/29/2024,141
786,perdu,4/29/2024,141
787,hors-pret,4/29/2024,141
788,perdu,4/29/2024,141
789,a_enlever,4/29/2024,142
790,hors-pret,4/29/2024,142
791,hors-pret,4/29/2024,142
792,perdu,4/29/2024,142
793,perdu,4/29/2024,142
794,hors-pret,4/29/2024,143
795,perdu,4/29/2024,143
796,perdu,4/29/2024,143
797,perdu,4/29/2024,143
798,perdu,4/29/2024,144
799,disponible,4/29/2024,144
800,disponible,4/29/2024,144
801,hors-pret,4/29/2024,144
802,disponible,4/29/2024,144
803,a_enlever,4/29/2024,144
804,perdu,4/29/2024,144
805,perdu,4/29/2024,144
806,disponible,4/29/2024,144
807,hors-pret,4/29/2024,144
808,hors-pret,4/29/2024,145
809,disponible,4/29/2024,145
810,a_enlever,4/29/2024,145
811,perdu,4/29/2024,145
812,a_enlever,4/29/2024,145
813,hors-pret,4/29/2024,146
814,disponible,4/29/2024,146
815,hors-pret,4/29/2024,146
816,disponible,4/29/2024,146
817,hors-pret,4/29/2024,146
818,disponible,4/29/2024,146
819,hors-pret,4/29/2024,146
820,a_enlever,4/29/2024,146
821,disponible,4/29/2024,147
822,a_enlever,4/29/2024,147
823,hors-pret,4/29/2024,148
824,disponible,4/29/2024,148
825,perdu,4/29/2024,148
826,a_enlever,4/29/2024,148
827,hors-pret,4/29/2024,149
828,a_enlever,4/29/2024,149
829,a_enlever,4/29/2024,150
830,hors-pret,4/29/2024,150
831,disponible,4/29/2024,150
832,disponible,4/29/2024,150
833,perdu,4/29/2024,150
834,hors-pret,4/29/2024,151
835,perdu,4/29/2024,151
836,perdu,4/29/2024,151
837,disponible,4/29/2024,151
838,a_enlever,4/29/2024,151
839,disponible,4/29/2024,151
840,hors-pret,4/29/2024,151
841,disponible,4/29/2024,151
842,hors-pret,4/29/2024,151
843,perdu,4/29/2024,151
844,disponible,4/29/2024,152
845,disponible,4/29/2024,152
846,a_enlever,4/29/2024,152
847,disponible,4/29/2024,152
848,disponible,4/29/2024,152
849,disponible,4/29/2024,152
850,hors-pret,4/29/2024,152
851,perdu,4/29/2024,152
852,a_enlever,4/29/2024,152
853,disponible,4/29/2024,152
854,perdu,4/29/2024,153
855,disponible,4/29/2024,153
856,disponible,4/29/2024,153
857,hors-pret,4/29/2024,153
858,disponible,4/29/2024,153
859,perdu,4/29/2024,154
860,hors-pret,4/29/2024,154
861,hors-pret,4/29/2024,154
862,disponible,4/29/2024,155
863,hors-pret,4/29/2024,155
864,perdu,4/29/2024,155
865,a_enlever,4/29/2024,155
866,disponible,4/29/2024,155
867,hors-pret,4/29/2024,155
868,hors-pret,4/29/2024,155
869,a_enlever,4/29/2024,155
870,disponible,4/29/2024,155
871,perdu,4/29/2024,156
872,disponible,4/29/2024,156
873,disponible,4/29/2024,156
874,hors-pret,4/29/2024,156
875,hors-pret,4/29/2024,156
876,perdu,4/29/2024,157
877,a_enlever,4/29/2024,157
878,hors-pret,4/29/2024,157
879,a_enlever,4/29/2024,157
880,a_enlever,4/29/2024,157
881,hors-pret,4/29/2024,157
882,disponible,4/29/2024,157
883,a_enlever,4/29/2024,157
884,disponible,4/29/2024,157
885,perdu,4/29/2024,157
886,a_enlever,4/29/2024,158
887,hors-pret,4/29/2024,158
888,hors-pret,4/29/2024,158
889,a_enlever,4/29/2024,158
890,hors-pret,4/29/2024,158
891,perdu,4/29/2024,158
892,disponible,4/29/2024,158
893,perdu,4/29/2024,159
894,a_enlever,4/29/2024,159
895,a_enlever,4/29/2024,159
896,perdu,4/29/2024,159
897,a_enlever,4/29/2024,159
898,perdu,4/29/2024,159
899,hors-pret,4/29/2024,159
900,perdu,4/29/2024,159
901,perdu,4/29/2024,160
902,disponible,4/29/2024,160
903,perdu,4/29/2024,160
904,perdu,4/29/2024,160
905,hors-pret,4/29/2024,160
906,a_enlever,4/29/2024,161
907,disponible,4/29/2024,161
908,perdu,4/29/2024,161
909,hors-pret,4/29/2024,161
910,perdu,4/29/2024,161
911,hors-pret,4/29/2024,161
912,a_enlever,4/29/2024,161
913,a_enlever,4/29/2024,161
914,a_enlever,4/29/2024,161
915,disponible,4/29/2024,161
916,disponible,4/29/2024,162
917,perdu,4/29/2024,162
918,a_enlever,4/29/2024,162
919,perdu,4/29/2024,162
920,hors-pret,4/29/2024,162
921,perdu,4/29/2024,162
922,a_enlever,4/29/2024,162
923,a_enlever,4/29/2024,162
924,perdu,4/29/2024,162
925,hors-pret,4/29/2024,162
926,hors-pret,4/29/2024,163
927,hors-pret,4/29/2024,163
928,a_enlever,4/29/2024,164
929,hors-pret,4/29/2024,164
930,a_enlever,4/29/2024,164
931,hors-pret,4/29/2024,164
932,a_enlever,4/29/2024,164
933,disponible,4/29/2024,164
934,a_enlever,4/29/2024,164
935,a_enlever,4/29/2024,165
936,a_enlever,4/29/2024,165
937,perdu,4/29/2024,165
938,hors-pret,4/29/2024,165
939,disponible,4/29/2024,165
940,disponible,4/29/2024,165
941,perdu,4/29/2024,166
942,perdu,4/29/2024,166
943,disponible,4/29/2024,166
944,disponible,4/29/2024,167
945,disponible,4/29/2024,167
946,a_enlever,4/29/2024,167
947,a_enlever,4/29/2024,167
948,hors-pret,4/29/2024,167
949,perdu,4/29/2024,167
950,hors-pret,4/29/2024,167
951,hors-pret,4/29/2024,167
952,hors-pret,4/29/2024,168
953,perdu,4/29/2024,168
954,perdu,4/29/2024,168
955,hors-pret,4/29/2024,168
956,hors-pret,4/29/2024,168
957,a_enlever,4/29/2024,168
958,a_enlever,4/29/2024,168
959,disponible,4/29/2024,168
960,disponible,4/29/2024,168
961,hors-pret,4/29/2024,168
962,a_enlever,4/29/2024,169
963,hors-pret,4/29/2024,169
964,a_enlever,4/29/2024,169
965,disponible,4/29/2024,169
966,a_enlever,4/29/2024,169
967,disponible,4/29/2024,169
968,hors-pret,4/29/2024,170
969,a_enlever,4/29/2024,170
970,perdu,4/29/2024,171
971,hors-pret,4/29/2024,171
972,disponible,4/29/2024,171
973,a_enlever,4/29/2024,171
974,a_enlever,4/29/2024,171
975,a_enlever,4/29/2024,171
976,disponible,4/29/2024,171
977,disponible,4/29/2024,172
978,perdu,4/29/2024,173
979,disponible,4/29/2024,173
980,perdu,4/29/2024,173
981,disponible,4/29/2024,173
982,disponible,4/29/2024,174
983,hors-pret,4/29/2024,174
984,a_enlever,4/29/2024,174
985,a_enlever,4/29/2024,174
986,a_enlever,4/29/2024,175
987,a_enlever,4/29/2024,175
988,perdu,4/29/2024,176
989,disponible,4/29/2024,176
990,disponible,4/29/2024,176
991,perdu,4/29/2024,176
992,perdu,4/29/2024,177
993,perdu,4/29/2024,177
994,perdu,4/29/2024,177
995,perdu,4/29/2024,177
996,disponible,4/29/2024,177
997,a_enlever,4/29/2024,177
998,a_enlever,4/29/2024,177
999,perdu,4/29/2024,177
1000,perdu,4/29/2024,177
1001,perdu,4/29/2024,178
1002,perdu,4/29/2024,178
1003,disponible,4/29/2024,178
1004,hors-pret,4/29/2024,178
1005,hors-pret,4/29/2024,178
1006,hors-pret,4/29/2024,178
1007,disponible,4/29/2024,178
1008,hors-pret,4/29/2024,179
1009,perdu,4/29/2024,179
1010,hors-pret,4/29/2024,179
1011,perdu,4/29/2024,180
1012,hors-pret,4/29/2024,180
1013,disponible,4/29/2024,180
1014,a_enlever,4/29/2024,180
1015,perdu,4/29/2024,180
1016,a_enlever,4/29/2024,181
1017,hors-pret,4/29/2024,181
1018,a_enlever,4/29/2024,181
1019,disponible,4/29/2024,181
1020,a_enlever,4/29/2024,181
1021,a_enlever,4/29/2024,182
1022,hors-pret,4/29/2024,183
1023,perdu,4/29/2024,183
1024,hors-pret,4/29/2024,183
1025,perdu,4/29/2024,183
1026,a_enlever,4/29/2024,183
1027,perdu,4/29/2024,183
1028,a_enlever,4/29/2024,183
1029,disponible,4/29/2024,183
1030,a_enlever,4/29/2024,183
1031,disponible,4/29/2024,184
1032,hors-pret,4/29/2024,184
1033,a_enlever,4/29/2024,184
1034,disponible,4/29/2024,184
1035,a_enlever,4/29/2024,184
1036,perdu,4/29/2024,184
1037,disponible,4/29/2024,184
1038,disponible,4/29/2024,184
1039,perdu,4/29/2024,184
1040,perdu,4/29/2024,184
1041,hors-pret,4/29/2024,185
1042,disponible,4/29/2024,185
1043,perdu,4/29/2024,185
1044,hors-pret,4/29/2024,185
1045,disponible,4/29/2024,185
1046,disponible,4/29/2024,185
1047,disponible,4/29/2024,185
1048,perdu,4/29/2024,185
1049,hors-pret,4/29/2024,185
1050,disponible,4/29/2024,185
1051,hors-pret,4/29/2024,186
1052,disponible,4/29/2024,186
1053,hors-pret,4/29/2024,186
1054,perdu,4/29/2024,186
1055,disponible,4/29/2024,186
1056,hors-pret,4/29/2024,186
1057,disponible,4/29/2024,186
1058,a_enlever,4/29/2024,186
1059,hors-pret,4/29/2024,186
1060,disponible,4/29/2024,186
1061,hors-pret,4/29/2024,187
1062,hors-pret,4/29/2024,187
1063,perdu,4/29/2024,188
1064,disponible,4/29/2024,188
1065,perdu,4/29/2024,188
1066,perdu,4/29/2024,188
1067,perdu,4/29/2024,188
1068,disponible,4/29/2024,188
1069,perdu,4/29/2024,188
1070,hors-pret,4/29/2024,188
1071,hors-pret,4/29/2024,188
1072,perdu,4/29/2024,188
1073,perdu,4/29/2024,189
1074,hors-pret,4/29/2024,189
1075,disponible,4/29/2024,189
1076,disponible,4/29/2024,189
1077,hors-pret,4/29/2024,189
1078,disponible,4/29/2024,189
1079,perdu,4/29/2024,189
1080,disponible,4/29/2024,189
1081,disponible,4/29/2024,189
1082,disponible,4/29/2024,189
1083,hors-pret,4/29/2024,190
1084,hors-pret,4/29/2024,190
1085,hors-pret,4/29/2024,191
1086,hors-pret,4/29/2024,192
1087,hors-pret,4/29/2024,192
1088,a_enlever,4/29/2024,192
1089,disponible,4/29/2024,192
1090,hors-pret,4/29/2024,192
1091,a_enlever,4/29/2024,192
1092,a_enlever,4/29/2024,193
1093,a_enlever,4/29/2024,193
1094,hors-pret,4/29/2024,194
1095,hors-pret,4/29/2024,194
1096,a_enlever,4/29/2024,194
1097,a_enlever,4/29/2024,194
1098,disponible,4/29/2024,195
1099,hors-pret,4/29/2024,195
1100,perdu,4/29/2024,195
1101,perdu,4/29/2024,195
1102,perdu,4/29/2024,195
1103,disponible,4/29/2024,195
1104,hors-pret,4/29/2024,196
1105,disponible,4/29/2024,196
1106,hors-pret,4/29/2024,196
1107,perdu,4/29/2024,196
1108,a_enlever,4/29/2024,196
1109,a_enlever,4/29/2024,196
1110,disponible,4/29/2024,196
1111,hors-pret,4/29/2024,196
1112,perdu,4/29/2024,197
1113,hors-pret,4/29/2024,197
1114,hors-pret,4/29/2024,197
1115,hors-pret,4/29/2024,197
1116,a_enlever,4/29/2024,197
1117,a_enlever,4/29/2024,197
1118,hors-pret,4/29/2024,197
1119,hors-pret,4/29/2024,197
1120,a_enlever,4/29/2024,197
1121,hors-pret,4/29/2024,198
1122,hors-pret,4/29/2024,198
1123,a_enlever,4/29/2024,198
1124,a_enlever,4/29/2024,198
1125,disponible,4/29/2024,198
1126,disponible,4/29/2024,198
1127,perdu,4/29/2024,198
1128,a_enlever,4/29/2024,198
1129,perdu,4/29/2024,198
1130,disponible,4/29/2024,198
1131,hors-pret,4/29/2024,199
1132,hors-pret,4/29/2024,199
1133,disponible,4/29/2024,199
1134,perdu,4/29/2024,199
1135,hors-pret,4/29/2024,199
1136,hors-pret,4/29/2024,199
1137,perdu,4/29/2024,199
1138,disponible,4/29/2024,199
1139,a_enlever,4/29/2024,200
1140,a_enlever,4/29/2024,200
1141,perdu,4/29/2024,200
1142,hors-pret,4/29/2024,200
1143,disponible,4/29/2024,200
1144,disponible,4/29/2024,200
1145,hors-pret,4/29/2024,200
1146,hors-pret,4/29/2024,200
1147,a_enlever,4/29/2024,200
1148,perdu,4/29/2024,201
1149,a_enlever,4/29/2024,201
1150,perdu,4/29/2024,201
1151,a_enlever,4/29/2024,201
1152,a_enlever,4/29/2024,201
1153,disponible,4/29/2024,201
1154,disponible,4/29/2024,201
1155,perdu,4/29/2024,201
1156,perdu,4/29/2024,201
1157,a_enlever,4/29/2024,201
1158,disponible,4/29/2024,202
1159,disponible,4/29/2024,202
1160,a_enlever,4/29/2024,202
1161,disponible,4/29/2024,203
1162,hors-pret,4/29/2024,203
1163,a_enlever,4/29/2024,203
1164,disponible,4/29/2024,204
1165,hors-pret,4/29/2024,204
1166,a_enlever,4/29/2024,204
1167,perdu,4/29/2024,204
1168,disponible,4/29/2024,204
1169,a_enlever,4/29/2024,204
1170,hors-pret,4/29/2024,204
1171,perdu,4/29/2024,204
1172,perdu,4/29/2024,204
1173,hors-pret,4/29/2024,205
1174,perdu,4/29/2024,206
1175,hors-pret,4/29/2024,206
1176,a_enlever,4/29/2024,206
1177,a_enlever,4/29/2024,206
1178,a_enlever,4/29/2024,206
1179,hors-pret,4/29/2024,206
1180,perdu,4/29/2024,206
1181,perdu,4/29/2024,206
1182,hors-pret,4/29/2024,206
1183,a_enlever,4/29/2024,206
1184,disponible,4/29/2024,207
1185,perdu,4/29/2024,207
1186,perdu,4/29/2024,207
1187,a_enlever,4/29/2024,207
1188,a_enlever,4/29/2024,207
1189,perdu,4/29/2024,208
1190,a_enlever,4/29/2024,209
1191,hors-pret,4/29/2024,209
1192,hors-pret,4/29/2024,209
1193,a_enlever,4/29/2024,209
1194,a_enlever,4/29/2024,209
1195,disponible,4/29/2024,209
1196,disponible,4/29/2024,209
1197,a_enlever,4/29/2024,209
1198,perdu,4/29/2024,209
1199,a_enlever,4/29/2024,210
1200,hors-pret,4/29/2024,210
1201,hors-pret,4/29/2024,210
1202,a_enlever,4/29/2024,210
1203,perdu,4/29/2024,211
1204,a_enlever,4/29/2024,211
1205,disponible,4/29/2024,212
1206,perdu,4/29/2024,212
1207,perdu,4/29/2024,212
1208,disponible,4/29/2024,213
1209,a_enlever,4/29/2024,213
1210,disponible,4/29/2024,213
1211,perdu,4/29/2024,214
1212,hors-pret,4/29/2024,214
1213,perdu,4/29/2024,214
1214,a_enlever,4/29/2024,214
1215,a_enlever,4/29/2024,215
1216,hors-pret,4/29/2024,215
1217,hors-pret,4/29/2024,215
1218,disponible,4/29/2024,215
1219,perdu,4/29/2024,215
1220,a_enlever,4/29/2024,215
1221,a_enlever,4/29/2024,215
1222,disponible,4/29/2024,215
1223,perdu,4/29/2024,216
1224,perdu,4/29/2024,216
1225,a_enlever,4/29/2024,216
1226,a_enlever,4/29/2024,216
1227,hors-pret,4/29/2024,217
1228,a_enlever,4/29/2024,217
1229,disponible,4/29/2024,217
1230,perdu,4/29/2024,218
1231,hors-pret,4/29/2024,218
1232,perdu,4/29/2024,218
1233,a_enlever,4/29/2024,218
1234,hors-pret,4/29/2024,218
1235,disponible,4/29/2024,218
1236,hors-pret,4/29/2024,218
1237,a_enlever,4/29/2024,218
1238,disponible,4/29/2024,219
1239,disponible,4/29/2024,219
1240,a_enlever,4/29/2024,220
1241,hors-pret,4/29/2024,220
1242,disponible,4/29/2024,220
1243,hors-pret,4/29/2024,220
1244,perdu,4/29/2024,220
1245,hors-pret,4/29/2024,220
1246,perdu,4/29/2024,220
1247,disponible,4/29/2024,221
1248,hors-pret,4/29/2024,221
1249,disponible,4/29/2024,221
1250,hors-pret,4/29/2024,221
1251,a_enlever,4/29/2024,221
1252,disponible,4/29/2024,221
1253,disponible,4/29/2024,221
1254,disponible,4/29/2024,222
1255,a_enlever,4/29/2024,222
1256,disponible,4/29/2024,222
1257,hors-pret,4/29/2024,222
1258,perdu,4/29/2024,222
1259,disponible,4/29/2024,222
1260,hors-pret,4/29/2024,222
1261,a_enlever,4/29/2024,222
1262,disponible,4/29/2024,222
1263,a_enlever,4/29/2024,222
1264,a_enlever,4/29/2024,223
1265,disponible,4/29/2024,223
1266,a_enlever,4/29/2024,223
1267,a_enlever,4/29/2024,223
1268,hors-pret,4/29/2024,223
1269,perdu,4/29/2024,223
1270,perdu,4/29/2024,223
1271,hors-pret,4/29/2024,223
1272,a_enlever,4/29/2024,223
1273,a_enlever,4/29/2024,223
1274,hors-pret,4/29/2024,224
1275,disponible,4/29/2024,224
1276,a_enlever,4/29/2024,224
1277,perdu,4/29/2024,224
1278,disponible,4/29/2024,224
1279,disponible,4/29/2024,224
1280,hors-pret,4/29/2024,224
1281,disponible,4/29/2024,224
1282,a_enlever,4/29/2024,225
1283,hors-pret,4/29/2024,225
1284,a_enlever,4/29/2024,225
1285,disponible,4/29/2024,225
1286,hors-pret,4/29/2024,226
1287,perdu,4/29/2024,226
1288,perdu,4/29/2024,226
1289,a_enlever,4/29/2024,226
1290,hors-pret,4/29/2024,226
1291,a_enlever,4/29/2024,226
1292,hors-pret,4/29/2024,227
1293,disponible,4/29/2024,227
1294,hors-pret,4/29/2024,227
1295,disponible,4/29/2024,227
1296,hors-pret,4/29/2024,227
1297,disponible,4/29/2024,227
1298,perdu,4/29/2024,227
1299,a_enlever,4/29/2024,227
1300,hors-pret,4/29/2024,228
1301,a_enlever,4/29/2024,228
1302,perdu,4/29/2024,229
1303,disponible,4/29/2024,229
1304,disponible,4/29/2024,229
1305,a_enlever,4/29/2024,229
1306,a_enlever,4/29/2024,229
1307,perdu,4/29/2024,229
1308,a_enlever,4/29/2024,230
1309,perdu,4/29/2024,230
1310,disponible,4/29/2024,230
1311,disponible,4/29/2024,230
1312,hors-pret,4/29/2024,230
1313,disponible,4/29/2024,230
1314,perdu,4/29/2024,230
1315,hors-pret,4/29/2024,230
1316,perdu,4/29/2024,231
1317,hors-pret,4/29/2024,231
1318,hors-pret,4/29/2024,232
1319,perdu,4/29/2024,232
1320,a_enlever,4/29/2024,232
1321,disponible,4/29/2024,232
1322,disponible,4/29/2024,232
1323,hors-pret,4/29/2024,232
1324,hors-pret,4/29/2024,232
1325,perdu,4/29/2024,232
1326,disponible,4/29/2024,232
1327,hors-pret,4/29/2024,233
1328,disponible,4/29/2024,234
1329,a_enlever,4/29/2024,234
1330,hors-pret,4/29/2024,234
1331,disponible,4/29/2024,234
1332,a_enlever,4/29/2024,234
1333,perdu,4/29/2024,234
1334,a_enlever,4/29/2024,235
1335,hors-pret,4/29/2024,235
1336,perdu,4/29/2024,235
1337,hors-pret,4/29/2024,235
1338,disponible,4/29/2024,235
1339,a_enlever,4/29/2024,235
1340,disponible,4/29/2024,236
1341,perdu,4/29/2024,236
1342,a_enlever,4/29/2024,236
1343,perdu,4/29/2024,236
1344,perdu,4/29/2024,236
1345,perdu,4/29/2024,236
1346,hors-pret,4/29/2024,236
1347,a_enlever,4/29/2024,236
1348,disponible,4/29/2024,237
1349,disponible,4/29/2024,237
1350,a_enlever,4/29/2024,237
1351,a_enlever,4/29/2024,237
1352,hors-pret,4/29/2024,237
1353,disponible,4/29/2024,237
1354,perdu,4/29/2024,237
1355,a_enlever,4/29/2024,238
1356,disponible,4/29/2024,239
1357,perdu,4/29/2024,240
1358,perdu,4/29/2024,241
1359,perdu,4/29/2024,241
1360,a_enlever,4/29/2024,241
1361,perdu,4/29/2024,241
1362,perdu,4/29/2024,241
1363,hors-pret,4/29/2024,241
1364,perdu,4/29/2024,241
1365,a_enlever,4/29/2024,241
1366,a_enlever,4/29/2024,241
1367,hors-pret,4/29/2024,242
1368,disponible,4/29/2024,242
1369,hors-pret,4/29/2024,242
1370,a_enlever,4/29/2024,242
1371,perdu,4/29/2024,242
1372,perdu,4/29/2024,242
1373,disponible,4/29/2024,243
1374,a_enlever,4/29/2024,243
1375,hors-pret,4/29/2024,243
1376,hors-pret,4/29/2024,243
1377,a_enlever,4/29/2024,243
1378,perdu,4/29/2024,244
1379,hors-pret,4/29/2024,244
1380,a_enlever,4/29/2024,244
1381,hors-pret,4/29/2024,244
1382,disponible,4/29/2024,244
1383,hors-pret,4/29/2024,244
1384,perdu,4/29/2024,244
1385,perdu,4/29/2024,244
1386,hors-pret,4/29/2024,245
1387,a_enlever,4/29/2024,245
1388,a_enlever,4/29/2024,245
1389,perdu,4/29/2024,245
1390,disponible,4/29/2024,245
1391,disponible,4/29/2024,246
1392,disponible,4/29/2024,246
1393,perdu,4/29/2024,246
1394,perdu,4/29/2024,246
1395,disponible,4/29/2024,246
1396,disponible,4/29/2024,246
1397,disponible,4/29/2024,246
1398,disponible,4/29/2024,246
1399,disponible,4/29/2024,246
1400,hors-pret,4/29/2024,247
1401,hors-pret,4/29/2024,247
1402,disponible,4/29/2024,247
1403,hors-pret,4/29/2024,247
1404,perdu,4/29/2024,247
1405,a_enlever,4/29/2024,247
1406,perdu,4/29/2024,247
1407,disponible,4/29/2024,248
1408,perdu,4/29/2024,248
1409,disponible,4/29/2024,248
1410,a_enlever,4/29/2024,248
1411,hors-pret,4/29/2024,248
1412,perdu,4/29/2024,248
1413,disponible,4/29/2024,248
1414,hors-pret,4/29/2024,249
1415,a_enlever,4/29/2024,249
1416,perdu,4/29/2024,249
1417,hors-pret,4/29/2024,249
1418,a_enlever,4/29/2024,250
1419,disponible,4/29/2024,251
1420,perdu,4/29/2024,251
1421,perdu,4/29/2024,251
1422,hors-pret,4/29/2024,251
1423,perdu,4/29/2024,251
1424,perdu,4/29/2024,251
1425,hors-pret,4/29/2024,251
1426,a_enlever,4/29/2024,251
1427,hors-pret,4/29/2024,251
1428,hors-pret,4/29/2024,251
1429,disponible,4/29/2024,252
1430,a_enlever,4/29/2024,252
1431,disponible,4/29/2024,252
1432,disponible,4/29/2024,252
1433,a_enlever,4/29/2024,252
1434,hors-pret,4/29/2024,252
1435,a_enlever,4/29/2024,253
1436,a_enlever,4/29/2024,253
1437,disponible,4/29/2024,253
1438,a_enlever,4/29/2024,253
1439,hors-pret,4/29/2024,253
1440,perdu,4/29/2024,253
1441,a_enlever,4/29/2024,253
1442,perdu,4/29/2024,253
1443,disponible,4/29/2024,253
1444,perdu,4/29/2024,253
1445,hors-pret,4/29/2024,254
1446,hors-pret,4/29/2024,254
1447,hors-pret,4/29/2024,254
1448,a_enlever,4/29/2024,254
1449,a_enlever,4/29/2024,255
1450,a_enlever,4/29/2024,255
1451,a_enlever,4/29/2024,255
1452,a_enlever,4/29/2024,255
1453,a_enlever,4/29/2024,256
1454,perdu,4/29/2024,256
1455,disponible,4/29/2024,256
1456,a_enlever,4/29/2024,256
1457,perdu,4/29/2024,256
1458,a_enlever,4/29/2024,256
1459,hors-pret,4/29/2024,256
1460,a_enlever,4/29/2024,257
1461,a_enlever,4/29/2024,257
1462,perdu,4/29/2024,257
1463,a_enlever,4/29/2024,257
1464,hors-pret,4/29/2024,257
1465,disponible,4/29/2024,257
1466,a_enlever,4/29/2024,257
1467,disponible,4/29/2024,257
1468,disponible,4/29/2024,258
1469,disponible,4/29/2024,259
1470,hors-pret,4/29/2024,259
1471,hors-pret,4/29/2024,259
1472,hors-pret,4/29/2024,259
1473,disponible,4/29/2024,259
1474,perdu,4/29/2024,259
1475,a_enlever,4/29/2024,259
1476,perdu,4/29/2024,260
1477,perdu,4/29/2024,261
1478,a_enlever,4/29/2024,261
1479,perdu,4/29/2024,261
1480,disponible,4/29/2024,261
1481,a_enlever,4/29/2024,261
1482,perdu,4/29/2024,261
1483,hors-pret,4/29/2024,261
1484,disponible,4/29/2024,261
1485,hors-pret,4/29/2024,261
1486,hors-pret,4/29/2024,262
1487,perdu,4/29/2024,263
1488,a_enlever,4/29/2024,263
1489,hors-pret,4/29/2024,263
1490,perdu,4/29/2024,263
1491,a_enlever,4/29/2024,263
1492,perdu,4/29/2024,263
1493,hors-pret,4/29/2024,263
1494,hors-pret,4/29/2024,263
1495,perdu,4/29/2024,264
1496,a_enlever,4/29/2024,264
1497,a_enlever,4/29/2024,264
1498,perdu,4/29/2024,264
1499,hors-pret,4/29/2024,264
1500,disponible,4/29/2024,264
1501,perdu,4/29/2024,264
1502,a_enlever,4/29/2024,264
1503,perdu,4/29/2024,265
1504,a_enlever,4/29/2024,265
1505,hors-pret,4/29/2024,265
1506,perdu,4/29/2024,266
1507,hors-pret,4/29/2024,266
1508,perdu,4/29/2024,266
1509,hors-pret,4/29/2024,266
1510,a_enlever,4/29/2024,266
1511,a_enlever,4/29/2024,266
1512,a_enlever,4/29/2024,266
1513,hors-pret,4/29/2024,266
1514,disponible,4/29/2024,266
1515,perdu,4/29/2024,266
1516,a_enlever,4/29/2024,267
1517,perdu,4/29/2024,267
1518,a_enlever,4/29/2024,267
1519,disponible,4/29/2024,267
1520,hors-pret,4/29/2024,268
1521,a_enlever,4/29/2024,269
1522,disponible,4/29/2024,270
1523,perdu,4/29/2024,270
1524,a_enlever,4/29/2024,270
1525,hors-pret,4/29/2024,270
1526,disponible,4/29/2024,270
1527,perdu,4/29/2024,270
1528,hors-pret,4/29/2024,270
1529,a_enlever,4/29/2024,270
1530,disponible,4/29/2024,270
1531,a_enlever,4/29/2024,270
1532,hors-pret,4/29/2024,271
1533,a_enlever,4/29/2024,271
1534,perdu,4/29/2024,271
1535,disponible,4/29/2024,271
1536,hors-pret,4/29/2024,271
1537,disponible,4/29/2024,271
1538,a_enlever,4/29/2024,271
1539,disponible,4/29/2024,271
1540,hors-pret,4/29/2024,272
1541,perdu,4/29/2024,272
1542,perdu,4/29/2024,273
1543,perdu,4/29/2024,273
1544,disponible,4/29/2024,273
1545,hors-pret,4/29/2024,273
1546,a_enlever,4/29/2024,273
1547,perdu,4/29/2024,273
1548,hors-pret,4/29/2024,273
1549,perdu,4/29/2024,273
1550,disponible,4/29/2024,273
1551,a_enlever,4/29/2024,274
1552,disponible,4/29/2024,274
1553,disponible,4/29/2024,274
1554,hors-pret,4/29/2024,274
1555,perdu,4/29/2024,275
1556,hors-pret,4/29/2024,276
1557,disponible,4/29/2024,276
1558,disponible,4/29/2024,276
1559,perdu,4/29/2024,276
1560,perdu,4/29/2024,276
1561,a_enlever,4/29/2024,276
1562,perdu,4/29/2024,276
1563,a_enlever,4/29/2024,276
1564,a_enlever,4/29/2024,276
1565,perdu,4/29/2024,277
1566,a_enlever,4/29/2024,277
1567,perdu,4/29/2024,277
1568,disponible,4/29/2024,277
1569,hors-pret,4/29/2024,278
1570,perdu,4/29/2024,278
1571,a_enlever,4/29/2024,278
1572,disponible,4/29/2024,278
1573,a_enlever,4/29/2024,278
1574,a_enlever,4/29/2024,278
1575,a_enlever,4/29/2024,278
1576,hors-pret,4/29/2024,278
1577,perdu,4/29/2024,279
1578,disponible,4/29/2024,279
1579,a_enlever,4/29/2024,279
1580,hors-pret,4/29/2024,279
1581,hors-pret,4/29/2024,279
1582,a_enlever,4/29/2024,279
1583,disponible,4/29/2024,279
1584,hors-pret,4/29/2024,279
1585,a_enlever,4/29/2024,279
1586,disponible,4/29/2024,280
1587,disponible,4/29/2024,280
1588,perdu,4/29/2024,280
1589,hors-pret,4/29/2024,280
1590,a_enlever,4/29/2024,280
1591,perdu,4/29/2024,280
1592,perdu,4/29/2024,280
1593,a_enlever,4/29/2024,280
1594,perdu,4/29/2024,280
1595,hors-pret,4/29/2024,280
1596,perdu,4/29/2024,281
1597,perdu,4/29/2024,281
1598,disponible,4/29/2024,281
1599,a_enlever,4/29/2024,281
1600,disponible,4/29/2024,281
1601,hors-pret,4/29/2024,282
1602,perdu,4/29/2024,282
1603,perdu,4/29/2024,282
1604,a_enlever,4/29/2024,282
1605,disponible,4/29/2024,283
1606,a_enlever,4/29/2024,283
1607,perdu,4/29/2024,283
1608,disponible,4/29/2024,283
1609,a_enlever,4/29/2024,283
1610,hors-pret,4/29/2024,283
1611,disponible,4/29/2024,283
1612,perdu,4/29/2024,284
1613,disponible,4/29/2024,284
1614,hors-pret,4/29/2024,284
1615,hors-pret,4/29/2024,284
1616,a_enlever,4/29/2024,284
1617,a_enlever,4/29/2024,284
1618,hors-pret,4/29/2024,284
1619,a_enlever,4/29/2024,284
1620,perdu,4/29/2024,284
1621,disponible,4/29/2024,285
1622,hors-pret,4/29/2024,285
1623,disponible,4/29/2024,285
1624,perdu,4/29/2024,285
1625,perdu,4/29/2024,285
1626,perdu,4/29/2024,285
1627,hors-pret,4/29/2024,285
1628,perdu,4/29/2024,285
1629,disponible,4/29/2024,285
1630,perdu,4/29/2024,285
1631,a_enlever,4/29/2024,286
1632,hors-pret,4/29/2024,286
1633,disponible,4/29/2024,286
1634,disponible,4/29/2024,286
1635,perdu,4/29/2024,286
1636,disponible,4/29/2024,286
1637,perdu,4/29/2024,286
1638,perdu,4/29/2024,286
1639,hors-pret,4/29/2024,286
1640,perdu,4/29/2024,287
1641,disponible,4/29/2024,287
1642,hors-pret,4/29/2024,287
1643,hors-pret,4/29/2024,287
1644,disponible,4/29/2024,287
1645,disponible,4/29/2024,287
1646,perdu,4/29/2024,287
1647,hors-pret,4/29/2024,287
1648,disponible,4/29/2024,288
1649,a_enlever,4/29/2024,288
1650,hors-pret,4/29/2024,288
1651,a_enlever,4/29/2024,288
1652,disponible,4/29/2024,288
1653,a_enlever,4/29/2024,288
1654,hors-pret,4/29/2024,288
1655,a_enlever,4/29/2024,288
1656,perdu,4/29/2024,289
1657,disponible,4/29/2024,289
1658,disponible,4/29/2024,289
1659,hors-pret,4/29/2024,289
1660,disponible,4/29/2024,289
1661,hors-pret,4/29/2024,289
1662,hors-pret,4/29/2024,289
1663,perdu,4/29/2024,289
1664,a_enlever,4/29/2024,290
1665,hors-pret,4/29/2024,290
1666,hors-pret,4/29/2024,290
1667,hors-pret,4/29/2024,290
1668,hors-pret,4/29/2024,290
1669,perdu,4/29/2024,290
1670,perdu,4/29/2024,290
1671,hors-pret,4/29/2024,290
1672,hors-pret,4/29/2024,291
1673,disponible,4/29/2024,291
1674,a_enlever,4/29/2024,291
1675,hors-pret,4/29/2024,291
1676,hors-pret,4/29/2024,291
1677,a_enlever,4/29/2024,291
1678,disponible,4/29/2024,291
1679,disponible,4/29/2024,291
1680,perdu,4/29/2024,292
1681,a_enlever,4/29/2024,292
1682,perdu,4/29/2024,292
1683,perdu,4/29/2024,292
1684,perdu,4/29/2024,293
1685,a_enlever,4/29/2024,293
1686,hors-pret,4/29/2024,293
1687,disponible,4/29/2024,293
1688,a_enlever,4/29/2024,293
1689,perdu,4/29/2024,293
1690,hors-pret,4/29/2024,293
1691,disponible,4/29/2024,294
1692,perdu,4/29/2024,295
1693,perdu,4/29/2024,295
1694,hors-pret,4/29/2024,295
1695,perdu,4/29/2024,295
1696,perdu,4/29/2024,295
1697,perdu,4/29/2024,295
1698,disponible,4/29/2024,296
1699,a_enlever,4/29/2024,296
1700,disponible,4/29/2024,296
1701,hors-pret,4/29/2024,296
1702,perdu,4/29/2024,296
1703,a_enlever,4/29/2024,296
1704,disponible,4/29/2024,296
1705,disponible,4/29/2024,296
1706,a_enlever,4/29/2024,296
1707,a_enlever,4/29/2024,297
1708,hors-pret,4/29/2024,297
1709,disponible,4/29/2024,297
1710,disponible,4/29/2024,298
1711,hors-pret,4/29/2024,298
1712,a_enlever,4/29/2024,298
1713,perdu,4/29/2024,298
1714,a_enlever,4/29/2024,298
1715,a_enlever,4/29/2024,298
1716,perdu,4/29/2024,298
1717,perdu,4/29/2024,298
1718,disponible,4/29/2024,298
1719,perdu,4/29/2024,299
1720,hors-pret,4/29/2024,300
1721,hors-pret,4/29/2024,301
1722,perdu,4/29/2024,302
1723,disponible,4/29/2024,303
1724,a_enlever,4/29/2024,303
1725,a_enlever,4/29/2024,303
1726,disponible,4/29/2024,303
1727,perdu,4/29/2024,303
1728,perdu,4/29/2024,303
1729,disponible,4/29/2024,303
1730,perdu,4/29/2024,303
1731,hors-pret,4/29/2024,303
1732,disponible,4/29/2024,304
1733,perdu,4/29/2024,304
1734,a_enlever,4/29/2024,304
1735,disponible,4/29/2024,304
1736,hors-pret,4/29/2024,304
1737,perdu,4/29/2024,304
1738,a_enlever,4/29/2024,304
1739,a_enlever,4/29/2024,304
1740,a_enlever,4/29/2024,305
1741,a_enlever,4/29/2024,305
1742,perdu,4/29/2024,305
1743,perdu,4/29/2024,305
1744,perdu,4/29/2024,305
1745,hors-pret,4/29/2024,305
1746,hors-pret,4/29/2024,305
1747,disponible,4/29/2024,305
1748,disponible,4/29/2024,305
1749,disponible,4/29/2024,305
1750,disponible,4/29/2024,306
1751,disponible,4/29/2024,307
1752,disponible,4/29/2024,307
1753,a_enlever,4/29/2024,307
1754,a_enlever,4/29/2024,307
1755,hors-pret,4/29/2024,307
1756,a_enlever,4/29/2024,307
1757,a_enlever,4/29/2024,307
1758,disponible,4/29/2024,307
1759,hors-pret,4/29/2024,308
1760,hors-pret,4/29/2024,308
1761,a_enlever,4/29/2024,308
1762,disponible,4/29/2024,309
1763,perdu,4/29/2024,309
1764,hors-pret,4/29/2024,309
1765,a_enlever,4/29/2024,309
1766,a_enlever,4/29/2024,309
1767,perdu,4/29/2024,309
1768,disponible,4/29/2024,309
1769,a_enlever,4/29/2024,309
1770,disponible,4/29/2024,310
1771,disponible,4/29/2024,310
1772,hors-pret,4/29/2024,310
1773,hors-pret,4/29/2024,310
1774,a_enlever,4/29/2024,310
1775,a_enlever,4/29/2024,310
1776,perdu,4/29/2024,310
1777,perdu,4/29/2024,310
1778,a_enlever,4/29/2024,311
1779,a_enlever,4/29/2024,311
1780,hors-pret,4/29/2024,311
1781,a_enlever,4/29/2024,311
1782,disponible,4/29/2024,311
1783,hors-pret,4/29/2024,311
1784,hors-pret,4/29/2024,311
1785,disponible,4/29/2024,311
1786,hors-pret,4/29/2024,311
1787,a_enlever,4/29/2024,311
1788,perdu,4/29/2024,312
1789,perdu,4/29/2024,312
1790,hors-pret,4/29/2024,312
1791,disponible,4/29/2024,312
1792,hors-pret,4/29/2024,312
1793,disponible,4/29/2024,313
1794,disponible,4/29/2024,313
1795,hors-pret,4/29/2024,313
1796,hors-pret,4/29/2024,313
1797,perdu,4/29/2024,313
1798,a_enlever,4/29/2024,313
1799,perdu,4/29/2024,313
1800,hors-pret,4/29/2024,314
1801,a_enlever,4/29/2024,314
1802,a_enlever,4/29/2024,315
1803,perdu,4/29/2024,316
1804,disponible,4/29/2024,316
1805,a_enlever,4/29/2024,316
1806,hors-pret,4/29/2024,316
1807,a_enlever,4/29/2024,316
1808,a_enlever,4/29/2024,316
1809,disponible,4/29/2024,316
1810,hors-pret,4/29/2024,317
1811,perdu,4/29/2024,317
1812,disponible,4/29/2024,317
1813,perdu,4/29/2024,318
1814,a_enlever,4/29/2024,318
1815,hors-pret,4/29/2024,318
1816,disponible,4/29/2024,318
1817,disponible,4/29/2024,318
1818,disponible,4/29/2024,318
1819,a_enlever,4/29/2024,318
1820,hors-pret,4/29/2024,318
1821,disponible,4/29/2024,318
1822,hors-pret,4/29/2024,319
1823,disponible,4/29/2024,319
1824,a_enlever,4/29/2024,319
1825,a_enlever,4/29/2024,319
1826,perdu,4/29/2024,319
1827,disponible,4/29/2024,319
1828,hors-pret,4/29/2024,319
1829,a_enlever,4/29/2024,320
1830,disponible,4/29/2024,320
1831,hors-pret,4/29/2024,320
1832,hors-pret,4/29/2024,320
1833,hors-pret,4/29/2024,320
1834,disponible,4/29/2024,320
1835,hors-pret,4/29/2024,320
1836,perdu,4/29/2024,320
1837,hors-pret,4/29/2024,320
1838,hors-pret,4/29/2024,320
1839,hors-pret,4/29/2024,321
1840,disponible,4/29/2024,321
1841,perdu,4/29/2024,321
1842,hors-pret,4/29/2024,321
1843,perdu,4/29/2024,322
1844,disponible,4/29/2024,322
1845,hors-pret,4/29/2024,322
1846,disponible,4/29/2024,322
1847,hors-pret,4/29/2024,322
1848,a_enlever,4/29/2024,322
1849,disponible,4/29/2024,322
1850,hors-pret,4/29/2024,322
1851,perdu,4/29/2024,322
1852,hors-pret,4/29/2024,322
1853,hors-pret,4/29/2024,323
1854,perdu,4/29/2024,323
1855,perdu,4/29/2024,323
1856,a_enlever,4/29/2024,323
1857,disponible,4/29/2024,323
1858,hors-pret,4/29/2024,323
1859,a_enlever,4/29/2024,323
1860,a_enlever,4/29/2024,324
1861,hors-pret,4/29/2024,325
1862,hors-pret,4/29/2024,325
1863,perdu,4/29/2024,325
1864,disponible,4/29/2024,325
1865,a_enlever,4/29/2024,326
1866,a_enlever,4/29/2024,326
1867,disponible,4/29/2024,326
1868,perdu,4/29/2024,326
1869,disponible,4/29/2024,327
1870,a_enlever,4/29/2024,327
1871,disponible,4/29/2024,327
1872,disponible,4/29/2024,327
1873,perdu,4/29/2024,327
1874,a_enlever,4/29/2024,327
1875,hors-pret,4/29/2024,327
1876,perdu,4/29/2024,327
1877,disponible,4/29/2024,327
1878,hors-pret,4/29/2024,328
1879,hors-pret,4/29/2024,328
1880,disponible,4/29/2024,328
1881,a_enlever,4/29/2024,328
1882,perdu,4/29/2024,328
1883,disponible,4/29/2024,328
1884,hors-pret,4/29/2024,329
1885,a_enlever,4/29/2024,329
1886,hors-pret,4/29/2024,329
1887,hors-pret,4/29/2024,329
1888,disponible,4/29/2024,329
1889,a_enlever,4/29/2024,329
1890,a_enlever,4/29/2024,329
1891,perdu,4/29/2024,330
1892,hors-pret,4/29/2024,330
1893,disponible,4/29/2024,330
1894,disponible,4/29/2024,330
1895,disponible,4/29/2024,330
1896,a_enlever,4/29/2024,330
1897,disponible,4/29/2024,331
1898,a_enlever,4/29/2024,331
1899,disponible,4/29/2024,332
1900,a_enlever,4/29/2024,333
1901,perdu,4/29/2024,333
1902,disponible,4/29/2024,334
1903,hors-pret,4/29/2024,334
1904,perdu,4/29/2024,335
1905,hors-pret,4/29/2024,335
1906,hors-pret,4/29/2024,335
1907,disponible,4/29/2024,335
1908,disponible,4/29/2024,335
1909,disponible,4/29/2024,335
1910,disponible,4/29/2024,335
1911,disponible,4/29/2024,336
1912,perdu,4/29/2024,336
1913,perdu,4/29/2024,336
1914,perdu,4/29/2024,336
1915,perdu,4/29/2024,336
1916,perdu,4/29/2024,336
1917,a_enlever,4/29/2024,336
1918,hors-pret,4/29/2024,337
1919,perdu,4/29/2024,338
1920,hors-pret,4/29/2024,338
1921,perdu,4/29/2024,338
1922,hors-pret,4/29/2024,338
1923,hors-pret,4/29/2024,338
1924,perdu,4/29/2024,339
1925,hors-pret,4/29/2024,339
1926,hors-pret,4/29/2024,340
1927,hors-pret,4/29/2024,340
1928,disponible,4/29/2024,340
1929,hors-pret,4/29/2024,340
1930,a_enlever,4/29/2024,340
1931,hors-pret,4/29/2024,340
1932,perdu,4/29/2024,340
1933,a_enlever,4/29/2024,340
1934,hors-pret,4/29/2024,341
1935,hors-pret,4/29/2024,341
1936,hors-pret,4/29/2024,341
1937,disponible,4/29/2024,341
1938,disponible,4/29/2024,341
1939,a_enlever,4/29/2024,342
1940,perdu,4/29/2024,342
1941,disponible,4/29/2024,342
1942,a_enlever,4/29/2024,342
1943,hors-pret,4/29/2024,342
1944,perdu,4/29/2024,342
1945,hors-pret,4/29/2024,342
1946,disponible,4/29/2024,342
1947,perdu,4/29/2024,342
1948,a_enlever,4/29/2024,342
1949,a_enlever,4/29/2024,343
1950,hors-pret,4/29/2024,344
1951,hors-pret,4/29/2024,344
1952,perdu,4/29/2024,344
1953,a_enlever,4/29/2024,344
1954,hors-pret,4/29/2024,344
1955,perdu,4/29/2024,344
1956,perdu,4/29/2024,345
1957,hors-pret,4/29/2024,345
1958,perdu,4/29/2024,345
1959,a_enlever,4/29/2024,345
1960,disponible,4/29/2024,345
1961,hors-pret,4/29/2024,345
1962,perdu,4/29/2024,345
1963,a_enlever,4/29/2024,346
1964,perdu,4/29/2024,346
1965,a_enlever,4/29/2024,346
1966,a_enlever,4/29/2024,346
1967,hors-pret,4/29/2024,346
1968,a_enlever,4/29/2024,346
1969,hors-pret,4/29/2024,346
1970,a_enlever,4/29/2024,346
1971,disponible,4/29/2024,346
1972,a_enlever,4/29/2024,346
1973,perdu,4/29/2024,347
1974,disponible,4/29/2024,347
1975,a_enlever,4/29/2024,347
1976,hors-pret,4/29/2024,347
1977,a_enlever,4/29/2024,347
1978,a_enlever,4/29/2024,347
1979,perdu,4/29/2024,348
1980,perdu,4/29/2024,348
1981,a_enlever,4/29/2024,348
1982,hors-pret,4/29/2024,348
1983,perdu,4/29/2024,348
1984,disponible,4/29/2024,348
1985,a_enlever,4/29/2024,349
1986,perdu,4/29/2024,349
1987,hors-pret,4/29/2024,349
1988,perdu,4/29/2024,349
1989,a_enlever,4/29/2024,349
1990,disponible,4/29/2024,349
1991,a_enlever,4/29/2024,350
1992,disponible,4/29/2024,350
1993,hors-pret,4/29/2024,350
1994,a_enlever,4/29/2024,350
1995,a_enlever,4/29/2024,350
1996,a_enlever,4/29/2024,350
1997,a_enlever,4/29/2024,350
1998,hors-pret,4/29/2024,351
1999,hors-pret,4/29/2024,351
2000,hors-pret,4/29/2024,351
2001,hors-pret,4/29/2024,351
2002,a_enlever,4/29/2024,351
2003,disponible,4/29/2024,351
2004,a_enlever,4/29/2024,351
2005,perdu,4/29/2024,352
2006,disponible,4/29/2024,352
2007,perdu,4/29/2024,352
2008,perdu,4/29/2024,352
2009,a_enlever,4/29/2024,352
2010,perdu,4/29/2024,352
2011,hors-pret,4/29/2024,352
2012,a_enlever,4/29/2024,352
2013,perdu,4/29/2024,352
2014,a_enlever,4/29/2024,353
2015,disponible,4/29/2024,353
2016,disponible,4/29/2024,354
2017,hors-pret,4/29/2024,354
2018,perdu,4/29/2024,354
2019,perdu,4/29/2024,354
2020,perdu,4/29/2024,355
2021,a_enlever,4/29/2024,355
2022,perdu,4/29/2024,355
2023,perdu,4/29/2024,355
2024,disponible,4/29/2024,355
2025,disponible,4/29/2024,355
2026,a_enlever,4/29/2024,355
2027,disponible,4/29/2024,355
2028,a_enlever,4/29/2024,355
2029,a_enlever,4/29/2024,355
2030,perdu,4/29/2024,356
2031,disponible,4/29/2024,356
2032,disponible,4/29/2024,356
2033,perdu,4/29/2024,357
2034,hors-pret,4/29/2024,357
2035,perdu,4/29/2024,357
2036,disponible,4/29/2024,357
2037,perdu,4/29/2024,357
2038,disponible,4/29/2024,357
2039,perdu,4/29/2024,357
2040,hors-pret,4/29/2024,358
2041,perdu,4/29/2024,359
2042,hors-pret,4/29/2024,359
2043,hors-pret,4/29/2024,359
2044,perdu,4/29/2024,359
2045,perdu,4/29/2024,359
2046,hors-pret,4/29/2024,359
2047,hors-pret,4/29/2024,360
2048,a_enlever,4/29/2024,360
2049,a_enlever,4/29/2024,360
2050,perdu,4/29/2024,361
2051,disponible,4/29/2024,361
2052,hors-pret,4/29/2024,361
2053,hors-pret,4/29/2024,362
2054,disponible,4/29/2024,362
2055,hors-pret,4/29/2024,362
2056,disponible,4/29/2024,362
2057,hors-pret,4/29/2024,362
2058,a_enlever,4/29/2024,363
2059,disponible,4/29/2024,364
2060,perdu,4/29/2024,364
2061,a_enlever,4/29/2024,364
2062,disponible,4/29/2024,364
2063,perdu,4/29/2024,365
2064,hors-pret,4/29/2024,365
2065,perdu,4/29/2024,365
2066,hors-pret,4/29/2024,365
2067,perdu,4/29/2024,365
2068,a_enlever,4/29/2024,366
2069,perdu,4/29/2024,366
2070,a_enlever,4/29/2024,367
2071,disponible,4/29/2024,367
2072,hors-pret,4/29/2024,367
2073,perdu,4/29/2024,367
2074,perdu,4/29/2024,367
2075,a_enlever,4/29/2024,368
2076,a_enlever,4/29/2024,368
2077,a_enlever,4/29/2024,368
2078,disponible,4/29/2024,368
2079,disponible,4/29/2024,369
2080,perdu,4/29/2024,369
2081,disponible,4/29/2024,369
2082,a_enlever,4/29/2024,369
2083,a_enlever,4/29/2024,369
2084,disponible,4/29/2024,370
2085,a_enlever,4/29/2024,370
2086,perdu,4/29/2024,370
2087,perdu,4/29/2024,371
2088,disponible,4/29/2024,371
2089,hors-pret,4/29/2024,372
2090,disponible,4/29/2024,372
2091,hors-pret,4/29/2024,373
2092,disponible,4/29/2024,373
2093,disponible,4/29/2024,373
2094,hors-pret,4/29/2024,373
2095,perdu,4/29/2024,373
2096,a_enlever,4/29/2024,373
2097,a_enlever,4/29/2024,373
2098,a_enlever,4/29/2024,373
2099,perdu,4/29/2024,373
2100,disponible,4/29/2024,374
2101,hors-pret,4/29/2024,374
2102,a_enlever,4/29/2024,374
2103,disponible,4/29/2024,374
2104,disponible,4/29/2024,374
2105,perdu,4/29/2024,374
2106,disponible,4/29/2024,374
2107,hors-pret,4/29/2024,374
2108,hors-pret,4/29/2024,375
2109,a_enlever,4/29/2024,375
2110,disponible,4/29/2024,375
2111,hors-pret,4/29/2024,375
2112,disponible,4/29/2024,375
2113,perdu,4/29/2024,375
2114,a_enlever,4/29/2024,375
2115,hors-pret,4/29/2024,375
2116,perdu,4/29/2024,376
2117,hors-pret,4/29/2024,376
2118,disponible,4/29/2024,376
2119,hors-pret,4/29/2024,376
2120,perdu,4/29/2024,377
2121,hors-pret,4/29/2024,377
2122,hors-pret,4/29/2024,377
2123,perdu,4/29/2024,377
2124,a_enlever,4/29/2024,377
2125,hors-pret,4/29/2024,377
2126,a_enlever,4/29/2024,377
2127,a_enlever,4/29/2024,377
2128,a_enlever,4/29/2024,377
2129,hors-pret,4/29/2024,378
2130,perdu,4/29/2024,378
2131,a_enlever,4/29/2024,378
2132,hors-pret,4/29/2024,379
2133,perdu,4/29/2024,379
2134,hors-pret,4/29/2024,379
2135,perdu,4/29/2024,379
2136,a_enlever,4/29/2024,379
2137,a_enlever,4/29/2024,379
2138,perdu,4/29/2024,379
2139,hors-pret,4/29/2024,380
2140,hors-pret,4/29/2024,380
2141,hors-pret,4/29/2024,380
2142,perdu,4/29/2024,381
2143,perdu,4/29/2024,381
2144,hors-pret,4/29/2024,381
2145,perdu,4/29/2024,381
2146,hors-pret,4/29/2024,381
2147,disponible,4/29/2024,381
2148,a_enlever,4/29/2024,381
2149,hors-pret,4/29/2024,381
2150,a_enlever,4/29/2024,382
2151,a_enlever,4/29/2024,382
2152,perdu,4/29/2024,382
2153,a_enlever,4/29/2024,383
2154,perdu,4/29/2024,383
2155,hors-pret,4/29/2024,383
2156,perdu,4/29/2024,383
2157,a_enlever,4/29/2024,383
2158,disponible,4/29/2024,384
2159,disponible,4/29/2024,384
2160,a_enlever,4/29/2024,384
2161,a_enlever,4/29/2024,384
2162,a_enlever,4/29/2024,384
2163,perdu,4/29/2024,384
2164,disponible,4/29/2024,384
2165,disponible,4/29/2024,384
2166,perdu,4/29/2024,385
2167,disponible,4/29/2024,385
2168,disponible,4/29/2024,385
2169,a_enlever,4/29/2024,385
2170,a_enlever,4/29/2024,385
2171,a_enlever,4/29/2024,385
2172,disponible,4/29/2024,385
2173,perdu,4/29/2024,385
2174,hors-pret,4/29/2024,386
2175,perdu,4/29/2024,386
2176,a_enlever,4/29/2024,386
2177,hors-pret,4/29/2024,386
2178,perdu,4/29/2024,386
2179,perdu,4/29/2024,386
2180,hors-pret,4/29/2024,386
2181,hors-pret,4/29/2024,386
2182,hors-pret,4/29/2024,386
2183,a_enlever,4/29/2024,387
2184,disponible,4/29/2024,387
2185,perdu,4/29/2024,387
2186,hors-pret,4/29/2024,387
2187,perdu,4/29/2024,388
2188,perdu,4/29/2024,388
2189,disponible,4/29/2024,388
2190,perdu,4/29/2024,388
2191,a_enlever,4/29/2024,388
2192,disponible,4/29/2024,388
2193,a_enlever,4/29/2024,388
2194,perdu,4/29/2024,388
2195,hors-pret,4/29/2024,388
2196,disponible,4/29/2024,388
2197,perdu,4/29/2024,389
2198,perdu,4/29/2024,389
2199,a_enlever,4/29/2024,389
2200,hors-pret,4/29/2024,389
2201,a_enlever,4/29/2024,389
2202,hors-pret,4/29/2024,389
2203,perdu,4/29/2024,389
2204,a_enlever,4/29/2024,390
2205,perdu,4/29/2024,390
2206,hors-pret,4/29/2024,390
2207,disponible,4/29/2024,391
2208,perdu,4/29/2024,391
2209,a_enlever,4/29/2024,391
2210,a_enlever,4/29/2024,391
2211,perdu,4/29/2024,391
2212,perdu,4/29/2024,391
2213,disponible,4/29/2024,392
2214,hors-pret,4/29/2024,392
2215,perdu,4/29/2024,392
2216,perdu,4/29/2024,392
2217,hors-pret,4/29/2024,393
2218,disponible,4/29/2024,393
2219,hors-pret,4/29/2024,393
2220,a_enlever,4/29/2024,393
2221,disponible,4/29/2024,393
2222,perdu,4/29/2024,393
2223,perdu,4/29/2024,393
2224,hors-pret,4/29/2024,393
2225,a_enlever,4/29/2024,393
2226,disponible,4/29/2024,393
2227,disponible,4/29/2024,394
2228,hors-pret,4/29/2024,394
2229,perdu,4/29/2024,394
2230,perdu,4/29/2024,394
2231,a_enlever,4/29/2024,394
2232,perdu,4/29/2024,394
2233,a_enlever,4/29/2024,394
2234,disponible,4/29/2024,394
2235,disponible,4/29/2024,395
2236,hors-pret,4/29/2024,395
2237,disponible,4/29/2024,395
2238,a_enlever,4/29/2024,395
2239,perdu,4/29/2024,396
2240,a_enlever,4/29/2024,396
2241,disponible,4/29/2024,396
2242,hors-pret,4/29/2024,396
2243,hors-pret,4/29/2024,396
2244,perdu,4/29/2024,396
2245,hors-pret,4/29/2024,396
2246,disponible,4/29/2024,396
2247,hors-pret,4/29/2024,397
2248,a_enlever,4/29/2024,397
2249,hors-pret,4/29/2024,398
2250,disponible,4/29/2024,398
2251,perdu,4/29/2024,399
2252,hors-pret,4/29/2024,400
2253,perdu,4/29/2024,400
2254,disponible,4/29/2024,400
2255,perdu,4/29/2024,400
2256,disponible,4/29/2024,401
2257,perdu,4/29/2024,402
2258,perdu,4/29/2024,402
2259,perdu,4/29/2024,402
2260,hors-pret,4/29/2024,402
2261,disponible,4/29/2024,402
2262,disponible,4/29/2024,402
2263,hors-pret,4/29/2024,402
2264,perdu,4/29/2024,402
2265,disponible,4/29/2024,402
2266,a_enlever,4/29/2024,402
2267,a_enlever,4/29/2024,403
2268,a_enlever,4/29/2024,403
2269,disponible,4/29/2024,403
2270,disponible,4/29/2024,403
2271,hors-pret,4/29/2024,403
2272,perdu,4/29/2024,404
2273,perdu,4/29/2024,405
2274,perdu,4/29/2024,405
2275,perdu,4/29/2024,405
2276,disponible,4/29/2024,405
2277,hors-pret,4/29/2024,405
2278,hors-pret,4/29/2024,405
2279,disponible,4/29/2024,405
2280,a_enlever,4/29/2024,405
2281,disponible,4/29/2024,405
2282,disponible,4/29/2024,406
2283,disponible,4/29/2024,406
2284,disponible,4/29/2024,406
2285,hors-pret,4/29/2024,407
2286,perdu,4/29/2024,407
2287,hors-pret,4/29/2024,407
2288,a_enlever,4/29/2024,407
2289,disponible,4/29/2024,407
2290,hors-pret,4/29/2024,407
2291,a_enlever,4/29/2024,408
2292,perdu,4/29/2024,408
2293,disponible,4/29/2024,408
2294,disponible,4/29/2024,408
2295,hors-pret,4/29/2024,408
2296,disponible,4/29/2024,408
2297,a_enlever,4/29/2024,409
2298,a_enlever,4/29/2024,409
2299,perdu,4/29/2024,410
2300,a_enlever,4/29/2024,410
2301,a_enlever,4/29/2024,410
2302,hors-pret,4/29/2024,410
2303,disponible,4/29/2024,410
2304,hors-pret,4/29/2024,410
2305,hors-pret,4/29/2024,410
2306,hors-pret,4/29/2024,411
2307,a_enlever,4/29/2024,411
2308,disponible,4/29/2024,411
2309,disponible,4/29/2024,411
2310,perdu,4/29/2024,412
2311,disponible,4/29/2024,413
2312,hors-pret,4/29/2024,413
2313,perdu,4/29/2024,413
2314,hors-pret,4/29/2024,413
2315,a_enlever,4/29/2024,413
2316,disponible,4/29/2024,413
2317,disponible,4/29/2024,413
2318,disponible,4/29/2024,413
2319,hors-pret,4/29/2024,414
2320,disponible,4/29/2024,414
2321,disponible,4/29/2024,414
2322,perdu,4/29/2024,414
2323,hors-pret,4/29/2024,414
2324,disponible,4/29/2024,414
2325,a_enlever,4/29/2024,415
2326,perdu,4/29/2024,415
2327,perdu,4/29/2024,415
2328,hors-pret,4/29/2024,415
2329,perdu,4/29/2024,415
2330,disponible,4/29/2024,415
2331,a_enlever,4/29/2024,415
2332,disponible,4/29/2024,415
2333,hors-pret,4/29/2024,416
2334,hors-pret,4/29/2024,416
2335,a_enlever,4/29/2024,416
2336,perdu,4/29/2024,417
2337,hors-pret,4/29/2024,417
2338,perdu,4/29/2024,417
2339,disponible,4/29/2024,418
2340,perdu,4/29/2024,418
2341,perdu,4/29/2024,418
2342,a_enlever,4/29/2024,419
2343,a_enlever,4/29/2024,419
2344,a_enlever,4/29/2024,419
2345,perdu,4/29/2024,419
2346,hors-pret,4/29/2024,419
2347,a_enlever,4/29/2024,420
2348,perdu,4/29/2024,420
2349,a_enlever,4/29/2024,420
2350,hors-pret,4/29/2024,420
2351,disponible,4/29/2024,420
2352,a_enlever,4/29/2024,420
2353,hors-pret,4/29/2024,420
2354,perdu,4/29/2024,421
2355,disponible,4/29/2024,421
2356,hors-pret,4/29/2024,421
2357,hors-pret,4/29/2024,421
2358,hors-pret,4/29/2024,421
2359,hors-pret,4/29/2024,421
2360,a_enlever,4/29/2024,421
2361,hors-pret,4/29/2024,421
2362,disponible,4/29/2024,421
2363,disponible,4/29/2024,422
2364,perdu,4/29/2024,423
2365,perdu,4/29/2024,423
2366,a_enlever,4/29/2024,423
2367,perdu,4/29/2024,423
2368,disponible,4/29/2024,423
2369,perdu,4/29/2024,423
2370,hors-pret,4/29/2024,423
2371,perdu,4/29/2024,423
2372,a_enlever,4/29/2024,423
2373,hors-pret,4/29/2024,423
2374,hors-pret,4/29/2024,424
2375,hors-pret,4/29/2024,425
2376,hors-pret,4/29/2024,425
2377,disponible,4/29/2024,425
2378,a_enlever,4/29/2024,425
2379,perdu,4/29/2024,425
2380,a_enlever,4/29/2024,426
2381,a_enlever,4/29/2024,426
2382,perdu,4/29/2024,426
2383,perdu,4/29/2024,427
2384,hors-pret,4/29/2024,427
2385,disponible,4/29/2024,427
2386,a_enlever,4/29/2024,427
2387,disponible,4/29/2024,427
2388,a_enlever,4/29/2024,427
2389,a_enlever,4/29/2024,427
2390,hors-pret,4/29/2024,427
2391,a_enlever,4/29/2024,427
2392,perdu,4/29/2024,428
2393,hors-pret,4/29/2024,428
2394,hors-pret,4/29/2024,428
2395,a_enlever,4/29/2024,429
2396,perdu,4/29/2024,429
2397,disponible,4/29/2024,429
2398,hors-pret,4/29/2024,429
2399,a_enlever,4/29/2024,429
2400,disponible,4/29/2024,429
2401,perdu,4/29/2024,430
2402,a_enlever,4/29/2024,431
2403,disponible,4/29/2024,431
2404,a_enlever,4/29/2024,431
2405,a_enlever,4/29/2024,431
2406,disponible,4/29/2024,431
2407,disponible,4/29/2024,431
2408,perdu,4/29/2024,431
2409,disponible,4/29/2024,431
2410,perdu,4/29/2024,432
2411,perdu,4/29/2024,432
2412,hors-pret,4/29/2024,432
2413,disponible,4/29/2024,432
2414,a_enlever,4/29/2024,432
2415,perdu,4/29/2024,433
2416,hors-pret,4/29/2024,433
2417,disponible,4/29/2024,433
2418,hors-pret,4/29/2024,433
2419,disponible,4/29/2024,434
2420,perdu,4/29/2024,434
2421,a_enlever,4/29/2024,434
2422,disponible,4/29/2024,435
2423,hors-pret,4/29/2024,435
2424,a_enlever,4/29/2024,435
2425,perdu,4/29/2024,435
2426,perdu,4/29/2024,435
2427,perdu,4/29/2024,436
2428,a_enlever,4/29/2024,436
2429,a_enlever,4/29/2024,436
2430,a_enlever,4/29/2024,436
2431,disponible,4/29/2024,436
2432,disponible,4/29/2024,436
2433,perdu,4/29/2024,436
2434,disponible,4/29/2024,436
2435,a_enlever,4/29/2024,436
2436,hors-pret,4/29/2024,437
2437,disponible,4/29/2024,437
2438,perdu,4/29/2024,437
2439,disponible,4/29/2024,437
2440,disponible,4/29/2024,437
2441,hors-pret,4/29/2024,437
2442,perdu,4/29/2024,437
2443,hors-pret,4/29/2024,437
2444,hors-pret,4/29/2024,437
2445,a_enlever,4/29/2024,438
2446,perdu,4/29/2024,438
2447,perdu,4/29/2024,438
2448,hors-pret,4/29/2024,438
2449,disponible,4/29/2024,438
2450,a_enlever,4/29/2024,438
2451,perdu,4/29/2024,439
2452,disponible,4/29/2024,439
2453,a_enlever,4/29/2024,440
2454,perdu,4/29/2024,440
2455,perdu,4/29/2024,440
2456,disponible,4/29/2024,440
2457,hors-pret,4/29/2024,440
2458,perdu,4/29/2024,440
2459,perdu,4/29/2024,440
2460,a_enlever,4/29/2024,440
2461,disponible,4/29/2024,440
2462,perdu,4/29/2024,441
2463,a_enlever,4/29/2024,441
2464,perdu,4/29/2024,441
2465,perdu,4/29/2024,441
2466,a_enlever,4/29/2024,442
2467,perdu,4/29/2024,442
2468,perdu,4/29/2024,442
2469,perdu,4/29/2024,442
2470,disponible,4/29/2024,442
2471,perdu,4/29/2024,442
2472,disponible,4/29/2024,442
2473,disponible,4/29/2024,442
2474,hors-pret,4/29/2024,442
2475,a_enlever,4/29/2024,442
2476,hors-pret,4/29/2024,443
2477,a_enlever,4/29/2024,443
2478,a_enlever,4/29/2024,443
2479,a_enlever,4/29/2024,443
2480,perdu,4/29/2024,443
2481,perdu,4/29/2024,444
2482,a_enlever,4/29/2024,444
2483,disponible,4/29/2024,444
2484,perdu,4/29/2024,445
2485,perdu,4/29/2024,445
2486,hors-pret,4/29/2024,445
2487,hors-pret,4/29/2024,445
2488,perdu,4/29/2024,445
2489,a_enlever,4/29/2024,445
2490,perdu,4/29/2024,445
2491,disponible,4/29/2024,445
2492,disponible,4/29/2024,445
2493,disponible,4/29/2024,446
2494,hors-pret,4/29/2024,446
2495,hors-pret,4/29/2024,446
2496,hors-pret,4/29/2024,446
2497,hors-pret,4/29/2024,446
2498,disponible,4/29/2024,446
2499,perdu,4/29/2024,446
2500,hors-pret,4/29/2024,447
2501,perdu,4/29/2024,447
2502,perdu,4/29/2024,447
2503,disponible,4/29/2024,447
2504,a_enlever,4/29/2024,448
2505,hors-pret,4/29/2024,448
2506,a_enlever,4/29/2024,448
2507,hors-pret,4/29/2024,448
2508,a_enlever,4/29/2024,448
2509,a_enlever,4/29/2024,448
2510,perdu,4/29/2024,448
2511,disponible,4/29/2024,449
2512,perdu,4/29/2024,449
2513,a_enlever,4/29/2024,449
2514,hors-pret,4/29/2024,449
2515,hors-pret,4/29/2024,450
2516,disponible,4/29/2024,450
2517,hors-pret,4/29/2024,450
2518,perdu,4/29/2024,450
2519,disponible,4/29/2024,450
2520,hors-pret,4/29/2024,450
2521,perdu,4/29/2024,450
2522,disponible,4/29/2024,450
2523,perdu,4/29/2024,451
2524,a_enlever,4/29/2024,451
2525,disponible,4/29/2024,451
2526,disponible,4/29/2024,451
2527,perdu,4/29/2024,451
2528,hors-pret,4/29/2024,451
2529,a_enlever,4/29/2024,452
2530,hors-pret,4/29/2024,452
2531,a_enlever,4/29/2024,452
2532,perdu,4/29/2024,452
2533,perdu,4/29/2024,452
2534,disponible,4/29/2024,453
2535,hors-pret,4/29/2024,453
2536,hors-pret,4/29/2024,453
2537,hors-pret,4/29/2024,453
2538,a_enlever,4/29/2024,453
2539,disponible,4/29/2024,453
2540,hors-pret,4/29/2024,453
2541,perdu,4/29/2024,453
2542,hors-pret,4/29/2024,454
2543,perdu,4/29/2024,454
2544,hors-pret,4/29/2024,455
2545,a_enlever,4/29/2024,455
2546,disponible,4/29/2024,455
2547,disponible,4/29/2024,455
2548,perdu,4/29/2024,455
2549,disponible,4/29/2024,455
2550,a_enlever,4/29/2024,455
2551,hors-pret,4/29/2024,455
2552,hors-pret,4/29/2024,455
2553,disponible,4/29/2024,455
2554,disponible,4/29/2024,456
2555,a_enlever,4/29/2024,456
2556,disponible,4/29/2024,456
2557,a_enlever,4/29/2024,456
2558,disponible,4/29/2024,456
2559,perdu,4/29/2024,456
2560,disponible,4/29/2024,456
2561,hors-pret,4/29/2024,456
2562,hors-pret,4/29/2024,456
2563,disponible,4/29/2024,457
2564,hors-pret,4/29/2024,457
2565,disponible,4/29/2024,457
2566,perdu,4/29/2024,457
2567,perdu,4/29/2024,457
2568,perdu,4/29/2024,457
2569,a_enlever,4/29/2024,457
2570,disponible,4/29/2024,457
2571,perdu,4/29/2024,457
2572,hors-pret,4/29/2024,458
2573,disponible,4/29/2024,458
2574,a_enlever,4/29/2024,458
2575,hors-pret,4/29/2024,458
2576,disponible,4/29/2024,458
2577,perdu,4/29/2024,458
2578,a_enlever,4/29/2024,458
2579,perdu,4/29/2024,458
2580,perdu,4/29/2024,458
2581,a_enlever,4/29/2024,459
2582,disponible,4/29/2024,459
2583,perdu,4/29/2024,460
2584,a_enlever,4/29/2024,460
2585,disponible,4/29/2024,460
2586,hors-pret,4/29/2024,460
2587,perdu,4/29/2024,460
2588,hors-pret,4/29/2024,460
2589,perdu,4/29/2024,460
2590,disponible,4/29/2024,460
2591,disponible,4/29/2024,460
2592,hors-pret,4/29/2024,461
2593,a_enlever,4/29/2024,461
2594,hors-pret,4/29/2024,461
2595,disponible,4/29/2024,461
2596,hors-pret,4/29/2024,461
2597,a_enlever,4/29/2024,461
2598,hors-pret,4/29/2024,461
2599,perdu,4/29/2024,461
2600,hors-pret,4/29/2024,461
2601,perdu,4/29/2024,462
2602,perdu,4/29/2024,462
2603,disponible,4/29/2024,462
2604,disponible,4/29/2024,462
2605,a_enlever,4/29/2024,462
2606,perdu,4/29/2024,462
2607,hors-pret,4/29/2024,462
2608,a_enlever,4/29/2024,463
2609,a_enlever,4/29/2024,463
2610,disponible,4/29/2024,463
2611,disponible,4/29/2024,463
2612,perdu,4/29/2024,464
2613,disponible,4/29/2024,464
2614,disponible,4/29/2024,465
2615,hors-pret,4/29/2024,465
2616,a_enlever,4/29/2024,466
2617,disponible,4/29/2024,466
2618,a_enlever,4/29/2024,466
2619,disponible,4/29/2024,466
2620,perdu,4/29/2024,466
2621,disponible,4/29/2024,467
2622,hors-pret,4/29/2024,468
2623,disponible,4/29/2024,468
2624,hors-pret,4/29/2024,468
2625,perdu,4/29/2024,469
2626,disponible,4/29/2024,469
2627,disponible,4/29/2024,470
2628,perdu,4/29/2024,470
2629,perdu,4/29/2024,470
2630,disponible,4/29/2024,470
2631,hors-pret,4/29/2024,470
2632,a_enlever,4/29/2024,470
2633,hors-pret,4/29/2024,470
2634,disponible,4/29/2024,470
2635,a_enlever,4/29/2024,471
2636,hors-pret,4/29/2024,471
2637,a_enlever,4/29/2024,471
2638,disponible,4/29/2024,471
2639,perdu,4/29/2024,471
2640,hors-pret,4/29/2024,471
2641,disponible,4/29/2024,471
2642,disponible,4/29/2024,471
2643,perdu,4/29/2024,472
2644,disponible,4/29/2024,472
2645,hors-pret,4/29/2024,472
2646,a_enlever,4/29/2024,472
2647,hors-pret,4/29/2024,472
2648,hors-pret,4/29/2024,472
2649,perdu,4/29/2024,472
2650,disponible,4/29/2024,472
2651,disponible,4/29/2024,473
2652,a_enlever,4/29/2024,473
2653,perdu,4/29/2024,473
2654,disponible,4/29/2024,473
2655,hors-pret,4/29/2024,473
2656,disponible,4/29/2024,474
2657,a_enlever,4/29/2024,474
2658,a_enlever,4/29/2024,474
2659,perdu,4/29/2024,475
2660,disponible,4/29/2024,475
2661,disponible,4/29/2024,475
2662,a_enlever,4/29/2024,475
2663,disponible,4/29/2024,475
2664,hors-pret,4/29/2024,476
2665,disponible,4/29/2024,476
2666,a_enlever,4/29/2024,476
2667,hors-pret,4/29/2024,477
2668,a_enlever,4/29/2024,477
2669,a_enlever,4/29/2024,477
2670,disponible,4/29/2024,477
2671,disponible,4/29/2024,477
2672,hors-pret,4/29/2024,477
2673,a_enlever,4/29/2024,477
2674,perdu,4/29/2024,477
2675,hors-pret,4/29/2024,477
2676,a_enlever,4/29/2024,477
2677,disponible,4/29/2024,478
2678,disponible,4/29/2024,478
2679,perdu,4/29/2024,479
2680,a_enlever,4/29/2024,479
2681,perdu,4/29/2024,479
2682,hors-pret,4/29/2024,479
2683,perdu,4/29/2024,479
2684,hors-pret,4/29/2024,479
2685,disponible,4/29/2024,479
2686,disponible,4/29/2024,479
2687,hors-pret,4/29/2024,479
2688,a_enlever,4/29/2024,480
2689,perdu,4/29/2024,480
2690,perdu,4/29/2024,480
2691,disponible,4/29/2024,480
2692,hors-pret,4/29/2024,480
2693,hors-pret,4/29/2024,480
2694,disponible,4/29/2024,480
2695,perdu,4/29/2024,480
2696,a_enlever,4/29/2024,480
2697,disponible,4/29/2024,481
2698,perdu,4/29/2024,481
2699,hors-pret,4/29/2024,481
2700,disponible,4/29/2024,481
2701,disponible,4/29/2024,481
2702,a_enlever,4/29/2024,481
2703,a_enlever,4/29/2024,481
2704,a_enlever,4/29/2024,481
2705,hors-pret,4/29/2024,481
2706,hors-pret,4/29/2024,481
2707,hors-pret,4/29/2024,482
2708,perdu,4/29/2024,482
2709,perdu,4/29/2024,482
2710,hors-pret,4/29/2024,483
2711,perdu,4/29/2024,483
2712,hors-pret,4/29/2024,483
2713,disponible,4/29/2024,483
2714,perdu,4/29/2024,483
2715,a_enlever,4/29/2024,483
2716,disponible,4/29/2024,483
2717,hors-pret,4/29/2024,483
2718,hors-pret,4/29/2024,483
2719,perdu,4/29/2024,484
2720,perdu,4/29/2024,484
2721,a_enlever,4/29/2024,484
2722,perdu,4/29/2024,484
2723,hors-pret,4/29/2024,484
2724,a_enlever,4/29/2024,484
2725,disponible,4/29/2024,484
2726,perdu,4/29/2024,485
2727,disponible,4/29/2024,485
2728,hors-pret,4/29/2024,486
2729,a_enlever,4/29/2024,486
2730,perdu,4/29/2024,486
2731,disponible,4/29/2024,487
2732,hors-pret,4/29/2024,487
2733,perdu,4/29/2024,487
2734,disponible,4/29/2024,487
2735,disponible,4/29/2024,487
2736,disponible,4/29/2024,487
2737,perdu,4/29/2024,488
2738,hors-pret,4/29/2024,488
2739,perdu,4/29/2024,488
2740,a_enlever,4/29/2024,488
2741,perdu,4/29/2024,488
2742,a_enlever,4/29/2024,488
2743,a_enlever,4/29/2024,488
2744,perdu,4/29/2024,488
2745,a_enlever,4/29/2024,488
2746,hors-pret,4/29/2024,489
2747,hors-pret,4/29/2024,490
2748,a_enlever,4/29/2024,490
2749,hors-pret,4/29/2024,490
2750,a_enlever,4/29/2024,490
2751,disponible,4/29/2024,490
2752,hors-pret,4/29/2024,490
2753,perdu,4/29/2024,491
2754,a_enlever,4/29/2024,491
2755,perdu,4/29/2024,491
2756,a_enlever,4/29/2024,492
2757,a_enlever,4/29/2024,492
2758,perdu,4/29/2024,492
2759,a_enlever,4/29/2024,492
2760,disponible,4/29/2024,492
2761,disponible,4/29/2024,492
2762,perdu,4/29/2024,492
2763,disponible,4/29/2024,492
2764,hors-pret,4/29/2024,493
2765,hors-pret,4/29/2024,493
2766,disponible,4/29/2024,493
2767,perdu,4/29/2024,493
2768,disponible,4/29/2024,493
2769,hors-pret,4/29/2024,493
2770,disponible,4/29/2024,493
2771,disponible,4/29/2024,493
2772,perdu,4/29/2024,493
2773,disponible,4/29/2024,493
2774,disponible,4/29/2024,494
2775,perdu,4/29/2024,494
2776,disponible,4/29/2024,494
2777,perdu,4/29/2024,494
2778,disponible,4/29/2024,494
2779,disponible,4/29/2024,494
2780,hors-pret,4/29/2024,494
2781,perdu,4/29/2024,495
2782,hors-pret,4/29/2024,495
2783,a_enlever,4/29/2024,495
2784,disponible,4/29/2024,495
2785,a_enlever,4/29/2024,495
2786,disponible,4/29/2024,495
2787,disponible,4/29/2024,495
2788,perdu,4/29/2024,495
2789,disponible,4/29/2024,496
2790,a_enlever,4/29/2024,496
2791,perdu,4/29/2024,496
2792,perdu,4/29/2024,496
2793,hors-pret,4/29/2024,496
2794,perdu,4/29/2024,496
2795,perdu,4/29/2024,496
2796,a_enlever,4/29/2024,496
2797,hors-pret,4/29/2024,496
2798,perdu,4/29/2024,497
2799,hors-pret,4/29/2024,497
2800,a_enlever,4/29/2024,497
2801,perdu,4/29/2024,497
2802,hors-pret,4/29/2024,497
2803,hors-pret,4/29/2024,498
2804,hors-pret,4/29/2024,498
2805,disponible,4/29/2024,498
2806,hors-pret,4/29/2024,499
2807,a_enlever,4/29/2024,499
2808,a_enlever,4/29/2024,499
2809,hors-pret,4/29/2024,499
2810,a_enlever,4/29/2024,499
2811,hors-pret,4/29/2024,499
2812,perdu,4/29/2024,500
2813,hors-pret,4/29/2024,500
2814,hors-pret,4/29/2024,500
2815,disponible,4/29/2024,500
2816,disponible,4/29/2024,500
2817,perdu,4/29/2024,500
2818,perdu,4/29/2024,500
2819,hors-pret,4/29/2024,500
2820,a_enlever,4/29/2024,500
2821,perdu,4/29/2024,500
